id_pedido,fecha_pedido,id_cliente,producto,cantidad,ciudad_envio,metodo_pago,canal_venta,calificacion_cliente,categoria,precio_unitario,total_pedido,estado_pedido
ORD-10033,2024-02-08 17:21:59,CUST-1322,Webcam HD 1080p,1,Ciudad de Mexico,Transferencia,App movil,,Accesorios,715.61,715.61,Completado
ORD-11021,2024-11-30 22:00:43,CUST-1013,Impresora Multifuncional,5,Queretaro,Transferencia,Sitio web,5.0,Oficina,2389.2,11946.0,Completado
ORD-10737,2024-05-04 09:15:47,CUST-1398,Bocina Portatil,1,Ciudad de Mexico,Tarjeta de credito,Sitio web,5.0,Accesorios,816.89,816.89,Completado
ORD-11877,2024-07-18 17:09:22,CUST-1019,Webcam HD 1080p,1,Queretaro,Tarjeta de credito,Sitio web,4.0,Accesorios,648.64,648.64,Cancelado
ORD-10514,2024-12-14 20:41:43,CUST-1081,Audifonos Bluetooth,5,Queretaro,Efectivo contra entrega,Sitio web,,Accesorios,817.67,4088.35,Completado
ORD-10671,2024-01-06 09:33:03,CUST-1045,Bocina Portatil,1,Guadalajara,Tarjeta de debito,Marketplace,4.0,Accesorios,908.61,908.61,Completado
ORD-11899,2024-04-24 23:37:30,CUST-1014,Disco SSD 1TB,1,Monterrey,Tarjeta de credito,App movil,3.0,Almacenamiento,1363.03,1363.03,Completado
ORD-10801,2024-11-06 12:25:22,CUST-1157,Audifonos Bluetooth,4,Ciudad de Mexico,PayPal,Marketplace,,Accesorios,904.65,3618.6,Completado
ORD-10369,2024-09-25 00:32:44,CUST-1267,Teclado Mecanico RGB,1,Puebla,Tarjeta de credito,App movil,4.0,Accesorios,1192.68,1192.68,Completado
ORD-11881,2024-03-07 09:27:07,CUST-1355,Router WiFi 6,3,Guadalajara,Tarjeta de credito,Sitio web,3.0,Redes,1729.01,5187.03,Cancelado
ORD-11762,2024-07-13 04:25:40,CUST-1313,"Monitor Curvo 27""",3,Puebla,Transferencia,App movil,5.0,Computo,6378.21,19134.63,Completado
ORD-11330,2024-10-31 05:39:00,CUST-1217,Mouse Inalambrico Pro,5,Ciudad de Mexico,Tarjeta de credito,App movil,5.0,Accesorios,306.66,1533.3,Completado
ORD-10863,2024-06-07 09:40:41,CUST-1246,Cargador USB-C 65W,1,Monterrey,PayPal,Sitio web,4.0,Accesorios,400.76,400.76,Completado
ORD-10042,2024-12-15 23:04:41,CUST-1075,Smartwatch Fit,1,Queretaro,Tarjeta de debito,App movil,2.0,Wearables,2431.74,2431.74,Cancelado
ORD-10214,2024-06-09 17:26:16,CUST-1123," Monitor Curvo 27""  ",2,Puebla,PayPal,Marketplace,4.0,Computo,6154.08,12308.16,Cancelado
ORD-11538,2024-12-25 11:32:54,CUST-1399,Tablet 10 pulgadas,5,Queretaro,Transferencia,Sitio web,4.0,Computo,4203.31,21016.55,Cancelado
ORD-11418,2024-08-02 21:51:47,CUST-1306,Teclado Mecanico RGB,5,Guadalajara,Tarjeta de credito,Sitio web,5.0,Accesorios,1250.27,6251.35,Completado
ORD-10535,2024-04-26 21:32:13,CUST-1273,Mouse Inalambrico Pro,1,Puebla,Tarjeta de credito,App movil,4.0,Accesorios,359.78,359.78,Completado
ORD-10317,2024-09-20 23:21:40,CUST-1048,Bocina Portatil,3,Guadalajara,Tarjeta de debito,App movil,4.0,Accesorios,843.23,2529.69,Completado
ORD-11174,2024-04-06 01:16:01,CUST-1182,Cargador USB-C 65W,1,Tijuana,Tarjeta de credito,App movil,,Accesorios,400.44,400.44,Cancelado
ORD-11417,2024-06-14 17:30:40,CUST-1346,Cargador USB-C 65W,2,Ciudad de Mexico,Tarjeta de debito,Sitio web,4.0,Accesorios,471.96,943.92,Completado
ORD-11084,2024-03-26 09:25:03,CUST-1137,Impresora Multifuncional,3,Merida,Tarjeta de credito,App movil,4.0,Oficina,2500.48,7501.44,Completado
ORD-10069,2024-03-24 16:20:15,CUST-1059,Cargador USB-C 65W,1,Merida,Transferencia,Sitio web,4.0,Accesorios,472.33,472.33,Completado
ORD-10353,2024-03-03 12:31:42,CUST-1078,Webcam HD 1080p,4,Puebla,Transferencia,App movil,5.0,Accesorios,727.71,2910.84,Completado
ORD-10100,2024-05-16 17:02:11,CUST-1078,Mouse Inalambrico Pro,5,Puebla,Tarjeta de credito,Marketplace,4.0,Accesorios,317.82,1589.1,Cancelado
ORD-11552,2024-06-10 02:04:16,CUST-1258,Cargador USB-C 65W,4,Queretaro,Transferencia,App movil,5.0,Accesorios,394.57,1578.28,Completado
ORD-10785,2024-10-27 21:36:25,CUST-1353,Impresora Multifuncional,3,merida,Tarjeta de credito,Marketplace,4.0,Oficina,2738.55,8215.65,Completado
ORD-11339,2024-10-15 21:33:10,CUST-1243,Router WiFi 6,2,puebla,Tarjeta de credito,Marketplace,5.0,Redes,1802.39,3604.78,Completado
ORD-10041,2024-07-11 10:42:53,CUST-1257,Mouse Inalambrico Pro,1,Queretaro,Tarjeta de credito,App movil,5.0,Accesorios,338.67,338.67,Completado
ORD-10074,2024-02-17 22:13:46,CUST-1272,Tablet 10 pulgadas,3,Queretaro,Tarjeta de credito,Sitio web,3.0,Computo,4123.13,12369.39,Completado
ORD-11348,2024-07-21 12:57:39,CUST-1212,Tablet 10 pulgadas,1,Monterrey,Tarjeta de credito,Sitio web,3.0,Computo,4340.77,4340.77,Completado
ORD-11980,2024-10-17 07:11:43,CUST-1311,Webcam HD 1080p,1,Guadalajara,Tarjeta de credito,App movil,4.0,Accesorios,687.37,687.37,Completado
ORD-11373,2024-09-15 03:46:37,CUST-1381,Impresora Multifuncional,1,Tijuana,Tarjeta de credito,Sitio web,5.0,Oficina,2663.68,2663.68,Cancelado
ORD-10918,2024-03-15 17:54:16,CUST-1265,Laptop Ultrabook Air,1,Monterrey,Tarjeta de credito,Sitio web,5.0,Computo,14703.61,14703.61,Completado
ORD-10861,2024-02-05 13:41:58,CUST-1101,Webcam HD 1080p,3,Merida,Tarjeta de credito,App movil,5.0,Accesorios,638.87,1916.61,Completado
ORD-11903,2024-05-27 12:18:45,CUST-1140,Tablet 10 pulgadas,1,Ciudad de Mexico,Tarjeta de debito,App movil,3.0,Computo,4403.82,4403.82,Completado
ORD-11798,2024-01-07 07:03:09,CUST-1116,Impresora Multifuncional,3,Monterrey,PayPal,App movil,3.0,Oficina,2828.85,8486.55,Completado
ORD-11500,2024-03-31 14:02:03,CUST-1141,Laptop Ultrabook Air,4,Queretaro,Tarjeta de debito,App movil,1.0,Computo,14198.08,56792.32,Completado
ORD-11843,2024-01-22 07:40:35,CUST-1193,Disco SSD 1TB,3,Guadalajara,Tarjeta de credito,App movil,4.0,Almacenamiento,1465.13,4395.39,Completado
ORD-10239,2024-12-13 19:55:41,CUST-1184,Teclado Mecanico RGB,2,Queretaro,Tarjeta de debito,App movil,5.0,Accesorios,1028.73,2057.46,Completado
ORD-11930,2024-06-09 01:37:18,CUST-1102,Audifonos Bluetooth,1,Queretaro,PayPal,App movil,,Accesorios,897.64,897.64,Completado
ORD-11849,2024-07-21 03:52:57,CUST-1183,Router WiFi 6,5,Monterrey,Transferencia,App movil,2.0,Redes,1720.57,8602.85,Completado
ORD-10618,2024-07-18 12:07:22,CUST-1096,Audifonos Bluetooth,1,Tijuana,Tarjeta de credito,App movil,5.0,Accesorios,867.58,867.58,Completado
ORD-10175,2024-09-22 11:57:16,CUST-1298,Mouse Inalambrico Pro,2,,Tarjeta de debito,Sitio web,4.0,Accesorios,316.34,632.68,Completado
ORD-11129,2024-06-07 23:36:15,CUST-1241,Impresora Multifuncional,1,Tijuana,Tarjeta de credito,App movil,4.0,Oficina,2814.28,2814.28,Completado
ORD-11692,2024-01-26 15:28:40,CUST-1106,Impresora Multifuncional,3,Tijuana,Tarjeta de debito,App movil,5.0,Oficina,2850.32,8550.96,Completado
ORD-10340,2024-07-22 08:01:21,CUST-1207,"Monitor Curvo 27""",4,Monterrey,Tarjeta de credito,Marketplace,,Computo,5818.63,23274.52,Completado
ORD-10536,2024-03-30 03:35:14,CUST-1177,Tablet 10 pulgadas,1,Puebla,Tarjeta de debito,Sitio web,5.0,Computo,4483.47,4483.47,Completado
ORD-11170,2024-02-18 02:42:51,CUST-1254,Smartwatch Fit,2,Puebla,Transferencia,Marketplace,4.0,Wearables,2275.16,4550.32,Cancelado
ORD-11872,2024-02-14 10:23:03,CUST-1360,Silla Ergonomica,2,Merida,PayPal,Sitio web,4.0,Oficina,2885.35,5770.7,Cancelado
ORD-10872,2024-08-06 05:43:08,CUST-1108,Router WiFi 6,2,Queretaro,PayPal,App movil,4.0,Redes,1571.26,3142.52,Cancelado
ORD-10135,2024-09-17 17:28:08,CUST-1361,Disco SSD 1TB,1,Tijuana,Tarjeta de debito,App movil,5.0,Almacenamiento,1375.98,1375.98,Cancelado
ORD-10599,2024-12-19 17:45:35,CUST-1056,Tablet 10 pulgadas,4,Puebla,Efectivo contra entrega,App movil,4.0,Computo,4581.31,18325.24,Completado
ORD-11476,2024-08-16 01:23:36,CUST-1144,Disco SSD 1TB,1,Monterrey,Tarjeta de credito,App movil,5.0,Almacenamiento,1405.15,1405.15,Completado
ORD-11183,2024-07-28 23:05:23,CUST-1250,Impresora Multifuncional,4,Guadalajara,PayPal,Sitio web,4.0,Oficina,2517.63,10070.52,Completado
ORD-11522,2024-09-11 01:54:06,CUST-1351,Webcam HD 1080p,4,guadalajara,Tarjeta de debito,Sitio web,2.0,Accesorios,690.77,2763.08,Completado
ORD-11184,2024-12-19 04:35:43,CUST-1034,Teclado Mecanico RGB,1,Ciudad de Mexico,Efectivo contra entrega,App movil,5.0,Accesorios,1040.68,1040.68,Devuelto
ORD-10069,2024-03-24 16:20:15,CUST-1059,Cargador USB-C 65W,1,Merida,Transferencia,Sitio web,4.0,Accesorios,472.33,472.33,Completado
ORD-11227,2024-12-02 04:20:53,CUST-1071,Laptop Ultrabook Air,5,Merida,Efectivo contra entrega,App movil,5.0,Computo,15897.58,79487.9,Completado
ORD-10363,2024-03-20 03:14:30,CUST-1278,Audifonos Bluetooth,2,Puebla,PayPal,Sitio web,5.0,Accesorios,938.58,1877.16,Cancelado
ORD-10458,2024-03-08 18:42:00,CUST-1265,Mouse Inalambrico Pro,2,Tijuana,Tarjeta de credito,Sitio web,4.0,Accesorios,322.15,644.3,Completado
ORD-10336,2024-05-04 02:47:59,CUST-1090,Bocina Portatil,1,Guadalajara,Transferencia,App movil,5.0,Accesorios,813.42,813.42,Completado
ORD-10151,2024-03-26 09:40:20,CUST-1227,Tablet 10 pulgadas,3,Merida,Transferencia,Sitio web,3.0,Computo,4416.88,13250.64,Completado
ORD-10073,2024-07-22 19:45:17,CUST-1143,Laptop Ultrabook Air,1,Queretaro,Tarjeta de credito,App movil,3.0,Computo,13559.34,13559.34,Completado
ORD-10476,2024-11-28 06:34:15,CUST-1005,Tablet 10 pulgadas,1,Tijuana,Tarjeta de credito,App movil,5.0,Computo,4159.54,4159.54,Completado
ORD-11736,2024-03-05 04:57:50,CUST-1355,Disco SSD 1TB,1,Queretaro,PayPal,App movil,4.0,Almacenamiento,1257.05,1257.05,Cancelado
ORD-10672,2024-06-22 12:55:43,CUST-1175,Webcam HD 1080p,1,Queretaro,Efectivo contra entrega,App movil,4.0,Accesorios,726.08,726.08,Cancelado
ORD-11247,2024-04-19 10:27:22,CUST-1203,Webcam HD 1080p,2,Merida,Tarjeta de credito,Sitio web,,Accesorios,597.61,1195.22,Completado
ORD-10720,2024-11-25 12:40:31,CUST-1203,Silla Ergonomica,2,Guadalajara,Tarjeta de debito,Sitio web,5.0,Oficina,3152.24,6304.48,Completado
ORD-11876,2024-11-05 21:52:29,CUST-1323,Webcam HD 1080p,1,Puebla,PayPal,App movil,2.0,Accesorios,711.28,711.28,Completado
ORD-10217,2024-03-10 14:16:24,CUST-1020,"Monitor Curvo 27""",4,Guadalajara,Transferencia,Marketplace,5.0,Computo,5961.89,23847.56,Completado
ORD-11666,2024-11-06 10:15:54,CUST-1152,Impresora Multifuncional,1,Monterrey,Tarjeta de debito,App movil,5.0,Oficina,2796.67,2796.67,Devuelto
ORD-11726,2024-04-15 23:33:11,CUST-1138,Mouse Inalambrico Pro,2,Merida,Tarjeta de debito,Marketplace,4.0,Accesorios,347.02,694.04,Cancelado
ORD-11536,2024-06-02 08:29:56,CUST-1326,Router WiFi 6,2,Tijuana,Tarjeta de credito,App movil,4.0,Redes,1677.37,3354.74,Completado
ORD-11944,2024-04-25 20:29:04,CUST-1333,Silla Ergonomica,1,Ciudad de Mexico,Efectivo contra entrega,App movil,,Oficina,2720.86,2720.86,Completado
ORD-11356,2024-09-21 06:54:58,CUST-1269,Smartwatch Fit,5,Guadalajara,PayPal,Marketplace,1.0,Wearables,2471.37,12356.85,Completado
ORD-10200,2024-05-23 14:21:07,CUST-1252,"Monitor Curvo 27""",4,Guadalajara,Tarjeta de debito,Sitio web,5.0,Computo,6097.08,24388.32,Completado
ORD-10171,2024-10-17 00:00:14,CUST-1338,"Monitor Curvo 27""",-5,Monterrey,Efectivo contra entrega,App movil,5.0,Computo,5925.85,-29629.25,Cancelado
ORD-10355,2024-11-09 15:29:59,CUST-1061,Laptop Gamer X15,3,Merida,Transferencia,App movil,,Computo,16983.74,50951.22,Completado
ORD-10203,2024-08-19 17:25:39,CUST-1362,Cargador USB-C 65W,1,Guadalajara,Transferencia,App movil,5.0,Accesorios,389.72,389.72,Completado
ORD-10152,2024-07-05 02:41:57,CUST-1071,Bocina Portatil,4,Merida,Efectivo contra entrega,Sitio web,2.0,Accesorios,831.91,3327.64,Completado
ORD-10896,2024-01-07 14:00:03,CUST-1223,Impresora Multifuncional,1,Ciudad de Mexico,PayPal,App movil,4.0,Oficina,2482.76,2482.76,Cancelado
ORD-10897,2024-09-23 19:16:58,CUST-1129,Webcam HD 1080p,1,Merida,PayPal,Sitio web,5.0,Accesorios,674.31,674.31,Completado
ORD-10038,2024-03-13 15:21:12,CUST-1063,Laptop Ultrabook Air,5,Ciudad de Mexico,Tarjeta de debito,App movil,1.0,Computo,15946.08,79730.4,Completado
ORD-11455,2024-07-26 13:59:59,CUST-1172,Tablet 10 pulgadas,2,Merida,Transferencia,Marketplace,4.0,Computo,4648.57,9297.14,Completado
ORD-11549,2024-11-27 10:31:26,CUST-1248,Audifonos Bluetooth,1,Guadalajara,PayPal,Marketplace,4.0,Accesorios,932.47,932.47,Completado
ORD-11898,2024-07-16 18:16:29,CUST-1171,Laptop Ultrabook Air,4,Queretaro,Tarjeta de credito,App movil,5.0,Computo,15799.94,63199.76,Cancelado
ORD-10272,2024-09-04 09:06:15,CUST-1060,Disco SSD 1TB,1,Merida,Transferencia,App movil,5.0,Almacenamiento,1460.06,1460.06,Completado
ORD-11516,2024-11-21 07:23:01,CUST-1356,Laptop Ultrabook Air,3,Ciudad de Mexico,Tarjeta de debito,App movil,4.0,Computo,13998.67,41996.01,Completado
ORD-10060,2024-01-05 20:55:51,CUST-1312,Disco SSD 1TB,1,Monterrey,Tarjeta de debito,App movil,,Almacenamiento,1490.11,1490.11,Cancelado
ORD-10304,2024-07-31 05:50:43,CUST-1037,Impresora Multifuncional,2,Guadalajara,Tarjeta de credito,Sitio web,4.0,Oficina,2418.91,4837.82,Completado
ORD-11650,2024-02-26 03:32:26,CUST-1200,Smartwatch Fit,2,Puebla,Transferencia,App movil,4.0,Wearables,2267.93,4535.86,Completado
ORD-10499,2024-03-23 06:02:29,CUST-1245,Audifonos Bluetooth,1,Guadalajara,Efectivo contra entrega,App movil,4.0,Accesorios,821.47,821.47,Completado
ORD-10625,2024-10-30 16:28:10,CUST-1180,Laptop Gamer X15,4,Guadalajara,Tarjeta de debito,App movil,5.0,Computo,17507.55,70030.2,Completado
ORD-11111,2024-12-11 03:14:29,CUST-1260,Router WiFi 6,2,Ciudad de Mexico,Transferencia,App movil,5.0,Redes,1760.37,3520.74,Completado
ORD-10685,2024-09-08 19:07:58,CUST-1155,Impresora Multifuncional,1,Guadalajara,Tarjeta de debito,Marketplace,5.0,Oficina,2908.39,2908.39,Completado
ORD-10796,2024-05-07 18:32:39,CUST-1040,Teclado Mecanico RGB,1,Queretaro,Tarjeta de credito,App movil,2.0,Accesorios,1157.93,1157.93,Completado
ORD-11472,2024-08-02 20:20:09,CUST-1303,Teclado Mecanico RGB,5,Guadalajara,Tarjeta de credito,Sitio web,5.0,Accesorios,1124.12,5620.6,Completado
ORD-11203,2024-05-01 18:48:53,CUST-1029,Disco SSD 1TB,1,Puebla,Tarjeta de credito,Sitio web,5.0,Almacenamiento,1243.81,1243.81,Completado
ORD-10647,2024-01-17 22:45:13,CUST-1176,Laptop Gamer X15,3,Tijuana,Tarjeta de credito,App movil,5.0,Computo,19038.16,57114.48,Completado
ORD-11543,2024-10-27 17:25:42,CUST-1186,Smartwatch Fit,1,Tijuana,Tarjeta de debito,App movil,2.0,Wearables,2644.56,2644.56,Completado
ORD-11875,2024-03-05 09:26:28,CUST-1024,Mouse Inalambrico Pro,1,Merida,PayPal,App movil,4.0,Accesorios,323.58,323.58,Completado
ORD-11173,2024-08-09 16:46:55,CUST-1320,Tablet 10 pulgadas,1,Ciudad de Mexico,Tarjeta de debito,App movil,1.0,Computo,4057.22,4057.22,Completado
ORD-10950,2024-07-15 22:34:05,CUST-1185, Webcam HD 1080p  ,2,Merida,Efectivo contra entrega,Sitio web,3.0,Accesorios,654.45,1308.9,Completado
ORD-10820,2024-02-01 10:49:31,CUST-1019,Laptop Ultrabook Air,4,Guadalajara,Tarjeta de credito,Marketplace,5.0,Computo,15563.98,62255.92,Completado
ORD-11530,2024-02-18 15:45:52,CUST-1349,Webcam HD 1080p,3,Ciudad de Mexico,Tarjeta de credito,Sitio web,5.0,Accesorios,648.1,1944.3,Completado
ORD-11321,2024-09-07 11:26:06,CUST-1069,Smartwatch Fit,4,Puebla,PayPal,Marketplace,1.0,Wearables,2509.84,10039.36,Completado
ORD-10659,2024-12-21 08:17:14,CUST-1187,Webcam HD 1080p,2,Ciudad de Mexico,Tarjeta de debito,Sitio web,5.0,Accesorios,649.91,1299.82,Completado
ORD-11459,2024-07-21 16:22:06,CUST-1323,Teclado Mecanico RGB,3,Ciudad de Mexico,Transferencia,App movil,5.0,Accesorios,1227.25,3681.75,Completado
ORD-10080,2024-11-28 16:30:37,CUST-1311,Teclado Mecanico RGB,2,Monterrey,Efectivo contra entrega,Sitio web,5.0,Accesorios,1085.73,2171.46,Completado
ORD-10271,2024-12-25 11:30:40,CUST-1057,Cargador USB-C 65W,5,Ciudad de Mexico,Transferencia,App movil,3.0,Accesorios,424.92,2124.6,Completado
ORD-10670,2024-10-08 05:27:18,CUST-1084,Tablet 10 pulgadas,1,Merida,Efectivo contra entrega,Sitio web,5.0,Computo,4400.18,4400.18,Cancelado
ORD-11982,2024-02-01 05:18:43,CUST-1123,Tablet 10 pulgadas,2,Puebla,Tarjeta de debito,Sitio web,4.0,Computo,4194.57,8389.14,Completado
ORD-10127,2024-12-01 05:21:59,CUST-1349,Mouse Inalambrico Pro,1,,Tarjeta de debito,App movil,3.0,Accesorios,323.83,323.83,Devuelto
ORD-10750,2024-10-01 18:17:36,CUST-1155,Mouse Inalambrico Pro,2,Guadalajara,Tarjeta de debito,Sitio web,5.0,Accesorios,337.0,674.0,Completado
ORD-11914,2024-04-15 05:55:50,CUST-1099,Impresora Multifuncional,3,Puebla,PayPal,Sitio web,4.0,Oficina,2836.35,8509.05,Cancelado
ORD-10735,2024-05-04 17:33:57,CUST-1117,Router WiFi 6,1,Tijuana,Efectivo contra entrega,App movil,3.0,Redes,1874.44,1874.44,Cancelado
ORD-10130,2024-04-15 06:00:12,CUST-1110,Silla Ergonomica,1,Monterrey,Tarjeta de credito,App movil,3.0,Oficina,2725.29,2725.29,Cancelado
ORD-10265,2024-10-26 21:40:01,CUST-1251,Cargador USB-C 65W,3,Queretaro,Tarjeta de debito,Sitio web,4.0,Accesorios,386.51,1159.53,Cancelado
ORD-11519,2024-09-23 01:16:30,CUST-1145, Silla Ergonomica  ,1,Tijuana,Tarjeta de debito,App movil,3.0,Oficina,2969.17,2969.17,Completado
ORD-11158,2024-02-11 13:00:20,CUST-1355,Bocina Portatil,3,Merida,Tarjeta de credito,Sitio web,5.0,Accesorios,906.57,2719.71,Completado
ORD-10610,2024-03-03 21:46:14,CUST-1081,Webcam HD 1080p,2,Puebla,Efectivo contra entrega,Sitio web,4.0,Accesorios,694.64,1389.28,Completado
ORD-11937,2024-12-19 07:56:24,CUST-1042,Silla Ergonomica,2,Monterrey,Efectivo contra entrega,Marketplace,5.0,Oficina,2863.33,5726.66,Devuelto
ORD-10164,2024-06-10 06:16:50,CUST-1309,"Monitor Curvo 27""",2,Guadalajara,Tarjeta de credito,Marketplace,5.0,Computo,5996.76,11993.52,Completado
ORD-11574,2024-05-16 04:26:49,CUST-1317,Disco SSD 1TB,4,Puebla,Efectivo contra entrega,App movil,5.0,Almacenamiento,1262.87,5051.48,Completado
ORD-11907,2024-09-20 04:00:20,CUST-1130,Disco SSD 1TB,2,Ciudad de Mexico,Efectivo contra entrega,App movil,5.0,Almacenamiento,1452.33,2904.66,Completado
ORD-11778,2024-04-15 03:59:04,CUST-1380,Cargador USB-C 65W,1,Queretaro,Tarjeta de debito,App movil,4.0,Accesorios,402.74,402.74,Completado
ORD-10188,2024-09-23 20:38:27,CUST-1000,Smartwatch Fit,3,queretaro,Tarjeta de credito,App movil,3.0,Wearables,2434.51,7303.53,Completado
ORD-11039,2024-04-13 09:54:02,CUST-1365,Webcam HD 1080p,4,Tijuana,PayPal,Marketplace,4.0,Accesorios,663.96,2655.84,Cancelado
ORD-10278,2024-03-09 19:33:07,CUST-1231,Laptop Ultrabook Air,5,Monterrey,Tarjeta de debito,App movil,5.0,Computo,14262.68,71313.4,Completado
ORD-11598,2024-10-20 19:32:39,CUST-1389,Smartwatch Fit,2,Merida,Tarjeta de credito,App movil,4.0,Wearables,2536.19,5072.38,Completado
ORD-10635,2024-11-27 14:22:56,CUST-1284,Laptop Ultrabook Air,1,Guadalajara,Tarjeta de debito,App movil,5.0,Computo,13599.84,13599.84,Completado
ORD-10065,2024-07-04 13:24:22,CUST-1330,Laptop Ultrabook Air,3,Queretaro,Efectivo contra entrega,Sitio web,5.0,Computo,13145.87,39437.61,Completado
ORD-10484,2024-04-17 08:32:17,CUST-1337,Router WiFi 6,2,Ciudad de Mexico,Efectivo contra entrega,Sitio web,,Redes,1591.7,3183.4,Cancelado
ORD-10601,2024-10-27 11:06:24,CUST-1306,Tablet 10 pulgadas,2,Guadalajara,Transferencia,Sitio web,2.0,Computo,4449.33,8898.66,Completado
ORD-11106,2024-07-10 17:07:09,CUST-1384,Silla Ergonomica,1,,Efectivo contra entrega,Sitio web,5.0,Oficina,3226.68,3226.68,Devuelto
ORD-11556,2024-05-22 14:01:52,CUST-1381,Mouse Inalambrico Pro,5,Guadalajara,Tarjeta de debito,Sitio web,4.0,Accesorios,354.14,1770.7,Completado
ORD-11049,2024-03-15 20:26:47,CUST-1017,Audifonos Bluetooth,1,Puebla,Tarjeta de debito,Sitio web,,Accesorios,898.02,898.02,Completado
ORD-10862,2024-12-15 07:40:29,CUST-1164,Teclado Mecanico RGB,2,Merida,Tarjeta de credito,App movil,1.0,Accesorios,1122.03,2244.06,Completado
ORD-10319,2024-10-02 22:29:38,CUST-1066,"Monitor Curvo 27""",1,Merida,Transferencia,App movil,4.0,Computo,6979.24,6979.24,Cancelado
ORD-11161,2024-09-25 15:23:08,CUST-1107,Laptop Gamer X15,4,Queretaro,Tarjeta de credito,App movil,,Computo,16055.68,64222.72,Completado
ORD-10713,2024-02-01 05:36:43,CUST-1250,Tablet 10 pulgadas,1,Puebla,PayPal,App movil,4.0,Computo,4213.13,4213.13,Completado
ORD-11046,2024-07-10 22:24:03,CUST-1164,Disco SSD 1TB,4,Puebla,Tarjeta de credito,Sitio web,4.0,Almacenamiento,1466.0,5864.0,Completado
ORD-11305,2024-03-08 20:43:06,CUST-1181,Audifonos Bluetooth,5,Merida,Tarjeta de debito,App movil,4.0,Accesorios,995.17,4975.85,Completado
ORD-11984,2024-08-26 18:24:30,CUST-1022,Silla Ergonomica,1,Puebla,Tarjeta de credito,App movil,2.0,Oficina,3164.13,3164.13,Completado
ORD-10093,2024-02-24 11:37:01,CUST-1235,Mouse Inalambrico Pro,5,Monterrey,Tarjeta de debito,Sitio web,,Accesorios,338.0,1690.0,Completado
ORD-10694,2024-11-03 19:25:27,CUST-1252,Bocina Portatil,2,Monterrey,Efectivo contra entrega,Sitio web,5.0,Accesorios,913.62,1827.24,Completado
ORD-10748,2024-10-26 05:57:06,CUST-1317,Tablet 10 pulgadas,1,Tijuana,Tarjeta de debito,App movil,4.0,Computo,3850.03,3850.03,Completado
ORD-10320,2024-12-08 14:45:27,CUST-1088,Teclado Mecanico RGB,1,Monterrey,Transferencia,Sitio web,5.0,Accesorios,1157.51,1157.51,Cancelado
ORD-11828,2024-05-14 23:49:55,CUST-1023,Tablet 10 pulgadas,5,Guadalajara,Tarjeta de credito,Sitio web,,Computo,4553.76,22768.8,Completado
ORD-11567,2024-10-09 16:07:44,CUST-1190,"Monitor Curvo 27""",1,Puebla,PayPal,App movil,4.0,Computo,6617.82,6617.82,Devuelto
ORD-10012,2024-08-06 02:17:05,CUST-1014,Cargador USB-C 65W,1,Guadalajara,Tarjeta de credito,Sitio web,5.0,Accesorios,421.98,421.98,Completado
ORD-11144,2024-10-31 21:28:11,CUST-1086,Mouse Inalambrico Pro,2,Monterrey,Tarjeta de credito,App movil,5.0,Accesorios,354.49,708.98,Cancelado
ORD-10983,2024-11-15 03:38:59,CUST-1271,Tablet 10 pulgadas,2,Ciudad de Mexico,Efectivo contra entrega,App movil,4.0,Computo,4045.94,8091.88,Completado
ORD-11961,2024-05-18 14:35:44,CUST-1287,Laptop Gamer X15,1,Puebla,Tarjeta de credito,App movil,3.0,Computo,18317.41,18317.41,Completado
ORD-11680,2024-02-24 13:47:14,CUST-1191,Bocina Portatil,1,Monterrey,Efectivo contra entrega,App movil,2.0,Accesorios,875.2,875.2,Devuelto
ORD-11844,2024-04-06 01:22:53,CUST-1118,Router WiFi 6,4,Queretaro,Tarjeta de credito,Sitio web,5.0,Redes,1826.2,7304.8,Devuelto
ORD-11456,2024-10-07 15:18:10,CUST-1323,Smartwatch Fit,4,Ciudad de Mexico,PayPal,App movil,5.0,Wearables,2593.73,10374.92,Completado
ORD-11959,2024-07-07 12:45:47,CUST-1076,Smartwatch Fit,1,Guadalajara,Efectivo contra entrega,Sitio web,4.0,Wearables,2573.16,2573.16,Completado
ORD-11738,2024-01-16 01:39:05,CUST-1119,Laptop Gamer X15,2,Merida,PayPal,Marketplace,,Computo,17676.21,35352.42,Completado
ORD-10221,2024-11-13 20:54:07,CUST-1345,Laptop Ultrabook Air,1,Ciudad de Mexico,Transferencia,Sitio web,,Computo,13427.65,13427.65,Devuelto
ORD-10544,2024-12-24 09:03:38,CUST-1155,Tablet 10 pulgadas,1,Guadalajara,Transferencia,Marketplace,5.0,Computo,4129.52,4129.52,Completado
ORD-11986,2024-12-21 04:08:28,CUST-1398,Silla Ergonomica,2,Monterrey,Transferencia,Marketplace,5.0,Oficina,3270.55,6541.1,Completado
ORD-10678,2024-11-28 18:58:51,CUST-1216,Bocina Portatil,1,Guadalajara,Tarjeta de debito,Sitio web,,Accesorios,902.05,902.05,Cancelado
ORD-11479,2024-04-02 15:00:20,CUST-1376,Webcam HD 1080p,1,Monterrey,Tarjeta de debito,App movil,2.0,Accesorios,666.07,666.07,Completado
ORD-11142,2024-09-26 09:02:29,CUST-1077,Laptop Ultrabook Air,1,Ciudad de Mexico,Transferencia,App movil,4.0,Computo,13151.43,13151.43,Cancelado
ORD-11438,2024-12-14 01:10:12,CUST-1297,Laptop Ultrabook Air,4,Tijuana,Efectivo contra entrega,App movil,1.0,Computo,14899.94,59599.76,Completado
ORD-11967,2024-01-11 23:27:44,CUST-1216,Cargador USB-C 65W,1,monterrey,Tarjeta de debito,App movil,4.0,Accesorios,398.25,398.25,Completado
ORD-10974,2024-12-01 13:05:23,CUST-1151,Webcam HD 1080p,5,Ciudad de Mexico,Tarjeta de credito,Marketplace,,Accesorios,624.19,3120.95,Devuelto
ORD-10608,2024-08-14 18:51:32,CUST-1208,Smartwatch Fit,1,Guadalajara,Transferencia,App movil,5.0,Wearables,2626.63,2626.63,Completado
ORD-11295,2024-10-26 22:57:19,CUST-1060,Smartwatch Fit,5,Monterrey,Efectivo contra entrega,Sitio web,3.0,Wearables,2273.11,11365.55,Completado
ORD-11365,2024-12-24 21:31:19,CUST-1381,Bocina Portatil,4,Puebla,Tarjeta de debito,Sitio web,3.0,Accesorios,879.2,3516.8,Completado
ORD-10261,2024-09-17 20:19:39,CUST-1229,Disco SSD 1TB,3,Merida,Tarjeta de credito,Marketplace,5.0,Almacenamiento,1327.6,3982.8,Completado
ORD-11968,2024-01-11 20:25:24,CUST-1399,Webcam HD 1080p,2,Ciudad de Mexico,Tarjeta de credito,Sitio web,2.0,Accesorios,598.62,1197.24,Cancelado
ORD-10800,2024-10-20 12:16:38,CUST-1114,Smartwatch Fit,1,Puebla,Tarjeta de debito,Sitio web,5.0,Wearables,2588.73,2588.73,Completado
ORD-11259,2024-09-03 09:13:17,CUST-1161,Laptop Ultrabook Air,3,Guadalajara,PayPal,Sitio web,3.0,Computo,14040.21,42120.63,Completado
ORD-11943,2024-11-12 07:07:25,CUST-1005,Teclado Mecanico RGB,2,Queretaro,Tarjeta de credito,Sitio web,3.0,Accesorios,1165.49,2330.98,Devuelto
ORD-10526,2024-03-25 12:13:58,CUST-1377,Tablet 10 pulgadas,3,Merida,Tarjeta de credito,Sitio web,5.0,Computo,4263.71,12791.13,Cancelado
ORD-10036,2024-12-09 15:56:05,CUST-1007,Teclado Mecanico RGB,1,Monterrey,Tarjeta de credito,Sitio web,4.0,Accesorios,1141.49,1141.49,Devuelto
ORD-10530,2024-11-03 02:48:20,CUST-1256,Laptop Gamer X15,1,Merida,PayPal,Marketplace,5.0,Computo,17915.31,17915.31,Devuelto
ORD-10826,2024-11-24 23:37:08,CUST-1101,"Monitor Curvo 27""",4,Ciudad de Mexico,Transferencia,Marketplace,4.0,Computo,6399.78,25599.12,Completado
ORD-10002,2024-01-26 13:53:31,CUST-1270,Tablet 10 pulgadas,5,Queretaro,Efectivo contra entrega,Sitio web,5.0,Computo,4163.06,20815.3,Completado
ORD-11281,2024-09-10 20:54:06,CUST-1123,Bocina Portatil,1,Merida,PayPal,Sitio web,5.0,Accesorios,844.99,844.99,Completado
ORD-10345,2024-07-30 15:42:29,CUST-1280,Cargador USB-C 65W,1,Tijuana,Tarjeta de debito,Marketplace,5.0,Accesorios,470.74,470.74,Completado
ORD-11965,2024-03-06 05:50:15,CUST-1338,Webcam HD 1080p,1,Tijuana,Efectivo contra entrega,Sitio web,4.0,Accesorios,690.54,690.54,Devuelto
ORD-11178,2024-07-03 02:06:45,CUST-1383,Smartwatch Fit,2,Monterrey,Tarjeta de debito,App movil,4.0,Wearables,2654.92,5309.84,Completado
ORD-10279,2024-08-26 09:36:24,CUST-1281,Webcam HD 1080p,2,Monterrey,PayPal,Sitio web,5.0,Accesorios,665.46,1330.92,Completado
ORD-11520,2024-03-18 21:45:13,CUST-1105,Mouse Inalambrico Pro,1,Puebla,Tarjeta de credito,App movil,5.0,Accesorios,329.64,329.64,Completado
ORD-10293,2024-07-09 08:04:14,CUST-1037,Disco SSD 1TB,1,Puebla,Tarjeta de debito,App movil,5.0,Almacenamiento,1413.53,1413.53,Completado
ORD-10641,2024-11-23 04:10:40,CUST-1202,Webcam HD 1080p,2,Ciudad de Mexico,PayPal,App movil,5.0,Accesorios,694.42,1388.84,Completado
ORD-10984,2024-12-08 07:59:42,CUST-1218,Webcam HD 1080p,5,queretaro,PayPal,Sitio web,5.0,Accesorios,632.44,3162.2,Completado
ORD-11215,2024-05-12 14:47:49,CUST-1275,Bocina Portatil,1,Guadalajara,PayPal,App movil,1.0,Accesorios,791.32,791.32,Completado
ORD-11638,2024-08-12 04:42:11,CUST-1059,Bocina Portatil,1,Queretaro,PayPal,App movil,,Accesorios,877.15,877.15,Completado
ORD-10333,2024-06-26 03:02:01,CUST-1258,Webcam HD 1080p,2,Puebla,Transferencia,Sitio web,5.0,Accesorios,732.16,1464.32,Completado
ORD-10216,2024-02-06 14:33:13,CUST-1003,Teclado Mecanico RGB,2,guadalajara,PayPal,App movil,5.0,Accesorios,1256.23,2512.46,Completado
ORD-10470,2024-11-16 19:04:01,CUST-1306,Tablet 10 pulgadas,1,Tijuana,Efectivo contra entrega,App movil,4.0,Computo,4420.39,4420.39,Completado
ORD-11444,2024-09-06 09:13:06,CUST-1099,Tablet 10 pulgadas,2,Guadalajara,Tarjeta de credito,App movil,5.0,Computo,3878.78,7757.56,Cancelado
ORD-11010,2024-09-15 17:39:48,CUST-1043,Silla Ergonomica,1,tijuana,Transferencia,Sitio web,4.0,Oficina,3145.03,3145.03,Completado
ORD-11507,2024-08-04 04:10:09,CUST-1010,Bocina Portatil,2,Ciudad de Mexico,Tarjeta de debito,App movil,5.0,Accesorios,846.26,1692.52,Completado
ORD-11554,2024-03-04 13:49:31,CUST-1193,Teclado Mecanico RGB,1,Monterrey,Efectivo contra entrega,Sitio web,2.0,Accesorios,1062.76,1062.76,Completado
ORD-11621,2024-01-31 02:34:02,CUST-1300,Cargador USB-C 65W,2,Merida,PayPal,Sitio web,5.0,Accesorios,393.53,787.06,Completado
ORD-11101,2024-05-24 19:07:23,CUST-1034,Mouse Inalambrico Pro,1,Tijuana,Tarjeta de credito,Sitio web,,Accesorios,328.22,328.22,Completado
ORD-10366,2024-12-27 05:57:42,CUST-1280,Webcam HD 1080p,1,,Tarjeta de debito,Sitio web,5.0,Accesorios,625.36,625.36,Devuelto
ORD-10571,2024-04-10 21:08:46,CUST-1014,Tablet 10 pulgadas,3,Guadalajara,Tarjeta de credito,App movil,5.0,Computo,3903.24,11709.72,Cancelado
ORD-10880,2024-10-21 14:52:20,CUST-1049,Smartwatch Fit,4,Ciudad de Mexico,Tarjeta de debito,Sitio web,4.0,Wearables,2414.71,9658.84,Cancelado
ORD-10022,2024-07-10 17:38:53,CUST-1076,Bocina Portatil,2,,Tarjeta de credito,Marketplace,4.0,Accesorios,857.92,1715.84,Completado
ORD-10229,2024-02-17 07:27:41,CUST-1040,Teclado Mecanico RGB,1,Monterrey,Tarjeta de credito,Sitio web,5.0,Accesorios,1104.77,1104.77,Completado
ORD-10286,2024-05-13 19:51:58,CUST-1356,Teclado Mecanico RGB,2,Puebla,Transferencia,Sitio web,4.0,Accesorios,1033.16,2066.32,Completado
ORD-10941,2024-04-22 11:44:19,CUST-1030,Audifonos Bluetooth,4,Puebla,Tarjeta de debito,Marketplace,4.0,Accesorios,922.01,3688.04,Cancelado
ORD-10873,2024-05-01 09:45:25,CUST-1012,Smartwatch Fit,1,Puebla,Tarjeta de debito,App movil,5.0,Wearables,2409.85,2409.85,Cancelado
ORD-11143,2024-08-27 01:26:38,CUST-1216,Teclado Mecanico RGB,3,Ciudad de Mexico,PayPal,App movil,5.0,Accesorios,1182.95,3548.85,Cancelado
ORD-10995,2024-08-27 01:37:00,CUST-1110,Laptop Gamer X15,1,Merida,Tarjeta de credito,App movil,4.0,Computo,18889.51,18889.51,Completado
ORD-10576,2024-02-25 17:26:06,CUST-1188,Bocina Portatil,2,Merida,Efectivo contra entrega,App movil,,Accesorios,791.66,1583.32,Completado
ORD-11620,2024-05-24 10:26:08,CUST-1049,Laptop Gamer X15,1,Ciudad de Mexico,Tarjeta de credito,Sitio web,3.0,Computo,18311.43,18311.43,Completado
ORD-10798,2024-10-22 09:10:28,CUST-1174,Disco SSD 1TB,2,Puebla,Tarjeta de debito,Sitio web,4.0,Almacenamiento,1401.01,2802.02,Completado
ORD-11594,2024-11-03 07:54:35,CUST-1036,Router WiFi 6,3,Puebla,PayPal,Sitio web,3.0,Redes,1883.01,5649.03,Completado
ORD-11775,2024-11-02 19:12:14,CUST-1344,Webcam HD 1080p,1,Guadalajara,Efectivo contra entrega,Marketplace,5.0,Accesorios,623.23,623.23,Completado
ORD-10831,2024-04-06 10:19:23,CUST-1131,Laptop Gamer X15,1,Merida,Efectivo contra entrega,Marketplace,5.0,Computo,17782.87,17782.87,Cancelado
ORD-10433,2024-12-07 04:29:49,CUST-1240,Tablet 10 pulgadas,2,Tijuana,Tarjeta de credito,App movil,4.0,Computo,4557.93,9115.86,Completado
ORD-10402,2024-08-22 10:47:11,CUST-1262,Smartwatch Fit,1,Ciudad de Mexico,Efectivo contra entrega,App movil,4.0,Wearables,2278.06,2278.06,Completado
ORD-10201,2024-05-08 19:13:53,CUST-1369,"Monitor Curvo 27""",5,Tijuana,Efectivo contra entrega,App movil,4.0,Computo,6733.05,33665.25,Completado
ORD-11080,2024-10-05 10:20:11,CUST-1046,Audifonos Bluetooth,1,Monterrey,Transferencia,App movil,5.0,Accesorios,996.75,996.75,Cancelado
ORD-11639,2024-10-17 01:01:08,CUST-1151,Silla Ergonomica,2,Queretaro,Tarjeta de credito,Sitio web,4.0,Oficina,3273.06,6546.12,Completado
ORD-10082,2024-04-20 12:25:17,CUST-1157,Router WiFi 6,1,guadalajara,Tarjeta de credito,App movil,4.0,Redes,1812.71,1812.71,Completado
ORD-11005,2024-02-06 10:29:09,CUST-1326,Bocina Portatil,1,Queretaro,Efectivo contra entrega,App movil,,Accesorios,933.75,933.75,Completado
ORD-11424,2024-09-09 11:49:58,CUST-1063,Smartwatch Fit,2,Monterrey,Transferencia,App movil,5.0,Wearables,2663.07,5326.14,Completado
ORD-10077,2024-12-15 17:28:50,CUST-1294,Cargador USB-C 65W,2,Monterrey,Tarjeta de credito,Marketplace,4.0,Accesorios,390.79,781.58,Cancelado
ORD-11375,2024-09-18 04:56:40,CUST-1320,Mouse Inalambrico Pro,2,Merida,Tarjeta de credito,Sitio web,5.0,Accesorios,324.13,648.26,Cancelado
ORD-11514,2024-10-30 00:02:04,CUST-1158,Mouse Inalambrico Pro,4,Ciudad de Mexico,Tarjeta de credito,Sitio web,4.0,Accesorios,338.23,1352.92,Cancelado
ORD-11840,2024-07-16 19:43:47,CUST-1373,Silla Ergonomica,1,Monterrey,Transferencia,App movil,5.0,Oficina,2862.73,2862.73,Completado
ORD-10805,2024-12-04 21:48:13,CUST-1222,Webcam HD 1080p,2,Tijuana,PayPal,Sitio web,3.0,Accesorios,621.07,1242.14,Completado
ORD-11932,2024-01-11 09:03:33,CUST-1060,Cargador USB-C 65W,1,Guadalajara,Tarjeta de debito,Sitio web,5.0,Accesorios,435.95,435.95,Completado
ORD-11217,2024-11-12 03:51:33,CUST-1387,Disco SSD 1TB,5,Merida,Transferencia,App movil,,Almacenamiento,1501.48,7507.4,Completado
ORD-11320,2024-09-17 05:24:43,CUST-1017,Webcam HD 1080p,4,Monterrey,Tarjeta de debito,Marketplace,4.0,Accesorios,687.69,2750.76,Completado
ORD-10573,2024-05-21 21:18:02,CUST-1167,Silla Ergonomica,1,Tijuana,Transferencia,Marketplace,5.0,Oficina,3332.66,3332.66,Completado
ORD-11973,2024-04-15 18:41:52,CUST-1137,Webcam HD 1080p,5,Monterrey,Tarjeta de credito,Sitio web,4.0,Accesorios,597.06,2985.3,Devuelto
ORD-10500,2024-09-19 14:56:36,CUST-1049,Cargador USB-C 65W,1,Guadalajara,Tarjeta de credito,App movil,5.0,Accesorios,391.75,391.75,Completado
ORD-11698,2024-04-03 14:57:21,CUST-1307,Impresora Multifuncional,1,Puebla,Tarjeta de credito,Marketplace,4.0,Oficina,2616.58,2616.58,Devuelto
ORD-10786,2024-04-10 10:50:45,CUST-1010,Audifonos Bluetooth,2,Queretaro,PayPal,App movil,4.0,Accesorios,883.24,1766.48,Completado
ORD-10348,2024-12-06 13:58:48,CUST-1132,Silla Ergonomica,4,Guadalajara,Tarjeta de debito,Sitio web,4.0,Oficina,3033.31,12133.24,Completado
ORD-11429,2024-12-22 13:29:52,CUST-1270,Silla Ergonomica,5,Monterrey,Tarjeta de credito,Sitio web,5.0,Oficina,3144.06,15720.3,Completado
ORD-11362,2024-05-08 10:56:16,CUST-1117,Cargador USB-C 65W,1,Tijuana,Transferencia,App movil,,Accesorios,401.27,401.27,Completado
ORD-10247,2024-03-19 23:26:40,CUST-1207,Cargador USB-C 65W,1,Queretaro,Tarjeta de credito,App movil,2.0,Accesorios,440.37,440.37,Completado
ORD-11093,2024-08-12 20:45:26,CUST-1017,Smartwatch Fit,5,Queretaro,Efectivo contra entrega,Marketplace,,Wearables,2587.77,12938.85,Completado
ORD-11502,2024-12-18 12:48:16,CUST-1034,Laptop Gamer X15,1,Tijuana,Efectivo contra entrega,Sitio web,3.0,Computo,17554.89,17554.89,Completado
ORD-10494,2024-06-12 11:21:54,CUST-1295,Laptop Ultrabook Air,3,Queretaro,Tarjeta de debito,App movil,,Computo,13550.05,40650.15,Completado
ORD-11681,2024-02-12 21:47:30,CUST-1050,Disco SSD 1TB,4,Monterrey,Transferencia,App movil,3.0,Almacenamiento,1471.72,5886.88,Completado
ORD-10195,2024-11-06 12:16:00,CUST-1090,Teclado Mecanico RGB,5,Puebla,Tarjeta de debito,App movil,5.0,Accesorios,1040.78,5203.9,Completado
ORD-10168,2024-12-27 11:42:55,CUST-1377,Impresora Multifuncional,4,Ciudad de Mexico,Transferencia,Sitio web,4.0,Oficina,2770.49,11081.96,Completado
ORD-11241,2024-06-23 07:59:28,CUST-1332,Tablet 10 pulgadas,5,Guadalajara,Tarjeta de credito,App movil,5.0,Computo,4530.03,22650.15,Completado
ORD-11703,2024-07-21 01:39:41,CUST-1350,Mouse Inalambrico Pro,2,Puebla,Tarjeta de credito,Sitio web,5.0,Accesorios,364.61,729.22,Completado
ORD-11610,2024-05-18 12:21:57,CUST-1101,Bocina Portatil,3,Puebla,Tarjeta de debito,Sitio web,3.0,Accesorios,876.94,2630.82,Cancelado
ORD-10179,2024-10-14 14:19:24,CUST-1005,Cargador USB-C 65W,4,Guadalajara,Tarjeta de debito,App movil,,Accesorios,404.06,1616.24,Completado
ORD-10933,2024-03-03 04:32:20,CUST-1070,Audifonos Bluetooth,5,Puebla,PayPal,App movil,3.0,Accesorios,860.11,4300.55,Devuelto
ORD-11338,2024-04-15 01:12:57,CUST-1098,Mouse Inalambrico Pro,1,Puebla,Transferencia,Sitio web,5.0,Accesorios,311.97,311.97,Completado
ORD-11557,2024-10-15 13:42:10,CUST-1046,Laptop Ultrabook Air,1,Guadalajara,Tarjeta de credito,App movil,4.0,Computo,15253.34,15253.34,Completado
ORD-10477,2024-11-17 11:07:31,CUST-1033,Cargador USB-C 65W,5,Guadalajara,Transferencia,Marketplace,3.0,Accesorios,403.78,2018.9,Cancelado
ORD-10687,2024-08-21 20:56:07,CUST-1286,Silla Ergonomica,2,Tijuana,Tarjeta de debito,App movil,5.0,Oficina,3257.66,6515.32,Completado
ORD-11001,2024-04-05 13:16:20,CUST-1281,Laptop Gamer X15,5,Guadalajara,Tarjeta de credito,App movil,4.0,Computo,19073.06,95365.3,Completado
ORD-10269,2024-05-01 04:16:32,CUST-1399,Tablet 10 pulgadas,4,Puebla,Tarjeta de debito,Sitio web,2.0,Computo,4679.01,18716.04,Completado
ORD-11006,2024-09-28 11:35:11,CUST-1082,Audifonos Bluetooth,1,Monterrey,Tarjeta de credito,Marketplace,5.0,Accesorios,882.65,882.65,Cancelado
ORD-10117,2024-08-02 09:20:14,CUST-1011,Smartwatch Fit,5,Queretaro,PayPal,Sitio web,5.0,Wearables,2663.58,13317.9,Completado
ORD-10557,2024-11-27 20:23:34,CUST-1167,Smartwatch Fit,2,Queretaro,Transferencia,App movil,4.0,Wearables,2367.56,4735.12,Completado
ORD-11128,2024-12-26 04:33:36,CUST-1114,Silla Ergonomica,1,Puebla,Tarjeta de credito,App movil,3.0,Oficina,2790.45,2790.45,Completado
ORD-11441,2024-04-20 10:05:18,CUST-1118,Teclado Mecanico RGB,1,Tijuana,PayPal,App movil,1.0,Accesorios,1137.06,1137.06,Cancelado
ORD-11286,2024-06-29 07:11:03,CUST-1330,Silla Ergonomica,5,Ciudad de Mexico,Tarjeta de credito,Marketplace,2.0,Oficina,3181.59,15907.95,Completado
ORD-10397,2024-11-20 22:13:06,CUST-1164,Audifonos Bluetooth,4,Tijuana,PayPal,App movil,3.0,Accesorios,826.33,3305.32,Completado
ORD-11800,2024-11-23 17:43:22,CUST-1124,"Monitor Curvo 27""",1,Guadalajara,Tarjeta de credito,Sitio web,2.0,Computo,6232.18,6232.18,Completado
ORD-10087,2024-11-11 21:39:07,CUST-1176,Bocina Portatil,1,monterrey,PayPal,App movil,5.0,Accesorios,842.7,842.7,Completado
ORD-11744,2024-04-19 10:13:01,CUST-1167,Impresora Multifuncional,1,Queretaro,Tarjeta de debito,App movil,3.0,Oficina,2628.52,2628.52,Devuelto
ORD-10632,2024-02-22 06:20:37,CUST-1117,Bocina Portatil,2,Ciudad de Mexico,PayPal,Sitio web,4.0,Accesorios,776.99,1553.98,Completado
ORD-11642,2024-11-02 10:16:16,CUST-1323,Silla Ergonomica,1,Monterrey,Transferencia,Marketplace,3.0,Oficina,3315.45,3315.45,Completado
ORD-11939,2024-07-24 12:07:17,CUST-1229,Silla Ergonomica,1,Merida,PayPal,App movil,4.0,Oficina,3312.26,3312.26,Cancelado
ORD-11488,2024-01-24 18:24:41,CUST-1100,Router WiFi 6,2,Monterrey,Tarjeta de debito,Sitio web,4.0,Redes,1806.13,3612.26,Devuelto
ORD-10473,2024-02-13 07:19:11,CUST-1297,Laptop Ultrabook Air,1,Ciudad de Mexico,Efectivo contra entrega,Marketplace,2.0,Computo,14260.97,14260.97,Completado
ORD-11043,2024-07-30 01:47:21,CUST-1356,Disco SSD 1TB,1,Tijuana,Tarjeta de debito,App movil,3.0,Almacenamiento,1503.68,1503.68,Completado
ORD-10977,2024-06-02 18:36:55,CUST-1041,Webcam HD 1080p,1,Guadalajara,Efectivo contra entrega,App movil,5.0,Accesorios,597.23,597.23,Completado
ORD-10915,2024-02-27 16:53:35,CUST-1284,"Monitor Curvo 27""",3,Queretaro,Tarjeta de debito,Sitio web,4.0,Computo,5836.2,17508.6,Completado
ORD-10764,2024-03-29 13:34:45,CUST-1030,Laptop Gamer X15,2,Guadalajara,Tarjeta de credito,Sitio web,5.0,Computo,17663.33,35326.66,Cancelado
ORD-11018,2024-11-23 03:41:20,CUST-1145,Laptop Ultrabook Air,1,Ciudad de Mexico,Transferencia,Sitio web,2.0,Computo,14588.88,14588.88,Completado
ORD-11746,2024-05-18 06:50:06,CUST-1134,Teclado Mecanico RGB,5,Guadalajara,Efectivo contra entrega,App movil,,Accesorios,1129.16,5645.8,Completado
ORD-11382,2024-01-21 21:38:10,CUST-1010,Teclado Mecanico RGB,4,Ciudad de Mexico,Tarjeta de debito,App movil,4.0,Accesorios,1117.73,4470.92,Completado
ORD-10561,2024-02-28 23:54:37,CUST-1284,Webcam HD 1080p,5,Queretaro,Tarjeta de credito,Sitio web,,Accesorios,629.64,3148.2,Completado
ORD-11380,2024-04-07 05:26:29,CUST-1197,Teclado Mecanico RGB,3,Monterrey,Transferencia,App movil,4.0,Accesorios,1235.75,3707.25,Devuelto
ORD-10606,2024-11-07 07:16:38,CUST-1350,Silla Ergonomica,2,Tijuana,Tarjeta de credito,Sitio web,3.0,Oficina,3211.67,6423.34,Completado
ORD-10553,2024-02-22 15:39:54,CUST-1123,Tablet 10 pulgadas,4,Guadalajara,Tarjeta de debito,Sitio web,4.0,Computo,3943.58,15774.32,Completado
ORD-11283,2024-08-04 12:10:32,CUST-1286,Cargador USB-C 65W,1,Guadalajara,Efectivo contra entrega,App movil,4.0,Accesorios,432.66,432.66,Completado
ORD-11954,2024-11-25 10:50:53,CUST-1260,Laptop Ultrabook Air,1,Tijuana,Transferencia,Sitio web,5.0,Computo,15379.52,15379.52,Cancelado
ORD-11008,2024-06-22 20:52:04,CUST-1165,Cargador USB-C 65W,3,Monterrey,Transferencia,App movil,1.0,Accesorios,460.77,1382.31,Completado
ORD-10655,2024-07-10 06:19:02,CUST-1171,Bocina Portatil,3,Merida,Tarjeta de credito,Sitio web,2.0,Accesorios,913.04,2739.12,Cancelado
ORD-11901,2024-06-16 02:21:43,CUST-1085,"Monitor Curvo 27""",1,Monterrey,Tarjeta de debito,App movil,4.0,Computo,6468.38,6468.38,Cancelado
ORD-11464,2024-02-22 20:54:05,CUST-1375,Impresora Multifuncional,3,Puebla,Tarjeta de credito,Marketplace,2.0,Oficina,2611.49,7834.47,Completado
ORD-10329,2024-04-13 18:49:03,CUST-1024,Audifonos Bluetooth,2,Tijuana,Transferencia,Sitio web,1.0,Accesorios,855.77,1711.54,Cancelado
ORD-11753,2024-02-15 06:37:40,CUST-1095,Tablet 10 pulgadas,-4,Guadalajara,Efectivo contra entrega,App movil,,Computo,4601.63,-18406.52,Completado
ORD-11679,2024-09-20 15:28:27,CUST-1062,Webcam HD 1080p,1,Guadalajara,Tarjeta de credito,Marketplace,1.0,Accesorios,675.17,675.17,Completado
ORD-11299,2024-05-16 11:45:18,CUST-1114,Teclado Mecanico RGB,1,Queretaro,Tarjeta de debito,App movil,4.0,Accesorios,1182.68,1182.68,Completado
ORD-10325,2024-09-21 05:51:59,CUST-1028,Tablet 10 pulgadas,4,Tijuana,Efectivo contra entrega,Sitio web,,Computo,4056.65,16226.6,Completado
ORD-11572,2024-03-06 03:20:21,CUST-1379,Cargador USB-C 65W,4,Monterrey,PayPal,App movil,3.0,Accesorios,413.39,1653.56,Completado
ORD-11859,2024-03-22 09:58:57,CUST-1106,Smartwatch Fit,1,Puebla,Tarjeta de debito,Marketplace,5.0,Wearables,2368.87,2368.87,Completado
ORD-10729,2024-12-17 21:14:42,CUST-1001,Router WiFi 6,5,Tijuana,Tarjeta de credito,App movil,,Redes,1602.12,8010.6,Completado
ORD-10398,2024-07-14 18:13:20,CUST-1260,Audifonos Bluetooth,5,Monterrey,PayPal,Sitio web,5.0,Accesorios,969.77,4848.85,Completado
ORD-10689,2024-12-18 05:38:04,CUST-1149,"Monitor Curvo 27""",2,Monterrey,Transferencia,App movil,3.0,Computo,6600.64,13201.28,Completado
ORD-11139,2024-08-13 03:04:17,CUST-1093,Webcam HD 1080p,5,Merida,Tarjeta de debito,App movil,,Accesorios,731.89,3659.45,Devuelto
ORD-10725,2024-03-22 11:25:30,CUST-1131,Teclado Mecanico RGB,5,Queretaro,Tarjeta de credito,Sitio web,4.0,Accesorios,1215.17,6075.85,Completado
ORD-11774,2024-08-23 05:54:22,CUST-1173,Laptop Gamer X15,1,Puebla,PayPal,Sitio web,4.0,Computo,19362.2,19362.2,Completado
ORD-10815,2024-01-16 14:00:19,CUST-1229,Tablet 10 pulgadas,1,Merida,Tarjeta de debito,Marketplace,4.0,Computo,4055.78,4055.78,Completado
ORD-11807,2024-10-25 23:23:44,CUST-1369,Laptop Gamer X15,4,Queretaro,Tarjeta de debito,Sitio web,4.0,Computo,16545.83,66183.32,Completado
ORD-10823,2024-12-13 03:04:55,CUST-1290,Tablet 10 pulgadas,2,Merida,Tarjeta de credito,App movil,,Computo,4203.19,8406.38,Devuelto
ORD-10056,2024-12-22 22:02:16,CUST-1371,Mouse Inalambrico Pro,1,Puebla,Tarjeta de debito,Sitio web,5.0,Accesorios,313.26,313.26,Completado
ORD-10505,2024-10-14 16:22:17,CUST-1225,Bocina Portatil,1,Guadalajara,Transferencia,Marketplace,4.0,Accesorios,830.09,830.09,Completado
ORD-10250,2024-05-02 09:19:15,CUST-1072,Cargador USB-C 65W,1,Queretaro,Efectivo contra entrega,App movil,5.0,Accesorios,463.42,463.42,Completado
ORD-11851,2024-03-24 23:13:28,CUST-1356,Silla Ergonomica,3,Monterrey,Tarjeta de credito,App movil,5.0,Oficina,2793.69,8381.07,Devuelto
ORD-11226,2024-02-09 22:22:44,CUST-1365,Router WiFi 6,1,Guadalajara,Tarjeta de debito,App movil,3.0,Redes,1722.53,1722.53,Completado
ORD-11370,2024-09-18 23:57:31,CUST-1072,Router WiFi 6,3,Guadalajara,Transferencia,Sitio web,4.0,Redes,1599.46,4798.38,Completado
ORD-10702,2024-01-21 05:04:34,CUST-1142,Laptop Gamer X15,2,Ciudad de Mexico,Tarjeta de credito,App movil,3.0,Computo,17094.24,34188.48,Completado
ORD-10719,2024-03-07 01:56:43,CUST-1295,Silla Ergonomica,5,Puebla,Tarjeta de credito,App movil,4.0,Oficina,3111.78,15558.9,Completado
ORD-11682,2024-02-29 07:49:33,CUST-1391,Laptop Gamer X15,2,Guadalajara,Tarjeta de credito,App movil,3.0,Computo,19159.34,38318.68,Devuelto
ORD-11676,2024-10-13 17:59:41,CUST-1387,Bocina Portatil,3,Ciudad de Mexico,Tarjeta de debito,Marketplace,4.0,Accesorios,762.65,2287.95,Completado
ORD-10501,2024-09-15 00:25:41,CUST-1274,Impresora Multifuncional,5,Puebla,PayPal,App movil,5.0,Oficina,2459.51,12297.55,Completado
ORD-11833,2024-12-10 02:14:19,CUST-1177,"Monitor Curvo 27""",2,Monterrey,Tarjeta de debito,Sitio web,4.0,Computo,6166.52,12333.04,Completado
ORD-10844,2024-03-18 21:35:09,CUST-1170,Laptop Gamer X15,5,,Transferencia,App movil,1.0,Computo,15851.6,79258.0,Completado
ORD-10232,2024-04-15 22:52:17,CUST-1190,Bocina Portatil,3,Tijuana,Efectivo contra entrega,Sitio web,4.0,Accesorios,793.86,2381.58,Completado
ORD-10046,2024-10-06 16:58:18,CUST-1317,Tablet 10 pulgadas,1,Monterrey,Transferencia,App movil,3.0,Computo,4201.83,4201.83,Completado
ORD-10259,2024-02-04 09:04:14,CUST-1163,Router WiFi 6,2,Monterrey,Tarjeta de credito,Marketplace,5.0,Redes,1582.15,3164.3,Cancelado
ORD-10537,2024-04-27 07:11:19,CUST-1122,"Monitor Curvo 27""",1,Queretaro,Efectivo contra entrega,App movil,2.0,Computo,6099.08,6099.08,Devuelto
ORD-11388,2024-07-26 16:59:02,CUST-1158,Mouse Inalambrico Pro,2,Ciudad de Mexico,Tarjeta de credito,App movil,5.0,Accesorios,358.99,717.98,Completado
ORD-11278,2024-11-01 20:16:23,CUST-1004,Impresora Multifuncional,3,Tijuana,Tarjeta de debito,Marketplace,4.0,Oficina,2757.0,8271.0,Completado
ORD-11063,2024-03-26 17:06:38,CUST-1263,Cargador USB-C 65W,2,Merida,Tarjeta de credito,Marketplace,3.0,Accesorios,385.67,771.34,Completado
ORD-10923,2024-02-19 23:56:16,CUST-1196,Audifonos Bluetooth,4,Puebla,Transferencia,App movil,5.0,Accesorios,826.37,3305.48,Completado
ORD-10292,2024-07-25 17:13:33,CUST-1240,Router WiFi 6,1,Merida,Tarjeta de credito,Sitio web,4.0,Redes,1659.17,1659.17,Cancelado
ORD-11884,2024-11-06 12:41:52,CUST-1017,Mouse Inalambrico Pro,2,,PayPal,Sitio web,4.0,Accesorios,334.13,668.26,Devuelto
ORD-10728,2024-06-15 21:16:22,CUST-1045,Webcam HD 1080p,4,Guadalajara,Tarjeta de credito,App movil,2.0,Accesorios,680.04,2720.16,Completado
ORD-10795,2024-09-07 00:22:57,CUST-1179,Cargador USB-C 65W,2,Guadalajara,PayPal,App movil,3.0,Accesorios,430.42,860.84,Completado
ORD-11940,2024-10-23 04:27:17,CUST-1268,Tablet 10 pulgadas,1,Merida,PayPal,Sitio web,5.0,Computo,4209.44,4209.44,Completado
ORD-10454,2024-09-02 22:16:29,CUST-1371,Silla Ergonomica,1,Tijuana,Tarjeta de debito,App movil,5.0,Oficina,2794.31,2794.31,Completado
ORD-10088,2024-02-05 10:11:59,CUST-1122,Smartwatch Fit,1,Merida,Transferencia,Marketplace,4.0,Wearables,2608.18,2608.18,Devuelto
ORD-10168,2024-12-27 11:42:55,CUST-1377,Impresora Multifuncional,4,Ciudad de Mexico,Transferencia,Sitio web,4.0,Oficina,2770.49,11081.96,Completado
ORD-11074,2024-07-31 07:53:53,CUST-1039,Cargador USB-C 65W,3,Monterrey,PayPal,App movil,3.0,Accesorios,417.2,1251.6,Completado
ORD-10857,2024-05-15 23:43:58,CUST-1131,Cargador USB-C 65W,1,Tijuana,Tarjeta de credito,Marketplace,4.0,Accesorios,451.11,451.11,Completado
ORD-10067,2024-11-25 07:12:57,CUST-1230,"Monitor Curvo 27""",3,Guadalajara,PayPal,App movil,,Computo,7103.36,21310.08,Completado
ORD-11133,2024-12-02 20:50:35,CUST-1309,Router WiFi 6,5,Guadalajara,Tarjeta de credito,Sitio web,5.0,Redes,1616.94,8084.7,Completado
ORD-11070,2024-05-27 10:16:07,CUST-1302,Audifonos Bluetooth,1,Tijuana,PayPal,App movil,5.0,Accesorios,907.53,907.53,Cancelado
ORD-10695,2024-09-18 15:46:20,CUST-1395,Silla Ergonomica,4,Ciudad de Mexico,Transferencia,App movil,5.0,Oficina,2860.36,11441.44,Cancelado
ORD-10642,2024-04-22 08:39:50,CUST-1246,Bocina Portatil,2,Tijuana,Transferencia,App movil,3.0,Accesorios,868.53,1737.06,Completado
ORD-10349,2024-07-13 11:38:21,CUST-1343,Teclado Mecanico RGB,1,Queretaro,PayPal,App movil,4.0,Accesorios,1093.72,1093.72,Completado
ORD-10502,2024-01-15 08:15:43,CUST-1342,"Monitor Curvo 27""",4,Guadalajara,Transferencia,Sitio web,4.0,Computo,6748.9,26995.6,Completado
ORD-10851,2024-10-22 13:14:52,CUST-1106,Tablet 10 pulgadas,5,Tijuana,Transferencia,App movil,3.0,Computo,4393.88,21969.4,Completado
ORD-10551,2024-12-29 09:21:22,CUST-1330,Router WiFi 6,1,Queretaro,Tarjeta de credito,Sitio web,4.0,Redes,1694.78,1694.78,Completado
ORD-10865,2024-07-04 03:23:53,CUST-1255,Impresora Multifuncional,5,Queretaro,Tarjeta de credito,App movil,5.0,Oficina,2738.15,13690.75,Cancelado
ORD-10770,2024-01-28 14:42:42,CUST-1345,"Monitor Curvo 27""",4,Tijuana,Tarjeta de debito,Sitio web,2.0,Computo,6403.54,25614.16,Cancelado
ORD-11862,2024-09-18 21:25:13,CUST-1270,Webcam HD 1080p,5,Queretaro,Transferencia,Sitio web,4.0,Accesorios,689.7,3448.5,Cancelado
ORD-11498,2024-12-26 11:36:27,CUST-1141,Disco SSD 1TB,1,Tijuana,Efectivo contra entrega,Sitio web,,Almacenamiento,1450.56,1450.56,Completado
ORD-10136,2024-03-17 12:37:19,CUST-1186,Cargador USB-C 65W,1,Merida,Tarjeta de debito,App movil,4.0,Accesorios,439.92,439.92,Devuelto
ORD-10710,2024-12-27 07:24:03,CUST-1046,Bocina Portatil,1,,Tarjeta de credito,App movil,5.0,Accesorios,780.56,780.56,Cancelado
ORD-11147,2024-10-31 02:22:53,CUST-1382,Cargador USB-C 65W,4,Merida,Efectivo contra entrega,Sitio web,5.0,Accesorios,421.81,1687.24,Completado
ORD-11349,2024-04-29 13:31:09,CUST-1372,Audifonos Bluetooth,1,Ciudad de Mexico,PayPal,Sitio web,4.0,Accesorios,904.24,904.24,Completado
ORD-10344,2024-12-13 13:31:42,CUST-1348,Laptop Gamer X15,3,Monterrey,Tarjeta de credito,App movil,4.0,Computo,16981.3,50943.9,Completado
ORD-10819,2024-05-30 03:09:24,CUST-1381,"Monitor Curvo 27""",2,Guadalajara,Transferencia,Marketplace,3.0,Computo,7058.76,14117.52,Completado
ORD-11890,2024-06-20 20:03:53,CUST-1185,Cargador USB-C 65W,4,Queretaro,Tarjeta de debito,Sitio web,2.0,Accesorios,437.18,1748.72,Completado
ORD-10936,2024-12-05 08:02:45,CUST-1001,Tablet 10 pulgadas,2,Tijuana,PayPal,Sitio web,3.0,Computo,4707.4,9414.8,Cancelado
ORD-11906,2024-05-24 04:21:23,CUST-1269,Silla Ergonomica,3,Ciudad de Mexico,Tarjeta de credito,Sitio web,3.0,Oficina,2994.4,8983.2,Completado
ORD-11887,2024-08-18 09:45:50,CUST-1121,Cargador USB-C 65W,1,Ciudad de Mexico,Tarjeta de credito,App movil,1.0,Accesorios,408.8,408.8,Completado
ORD-11810,2024-08-16 14:23:32,CUST-1026,Teclado Mecanico RGB,1,Queretaro,Tarjeta de credito,Sitio web,4.0,Accesorios,1194.59,1194.59,Completado
ORD-11335,2024-05-03 03:55:37,CUST-1002,Mouse Inalambrico Pro,5,Guadalajara,Tarjeta de debito,Marketplace,1.0,Accesorios,314.84,1574.2,Completado
ORD-10640,2024-04-25 23:10:32,CUST-1139,Laptop Ultrabook Air,3,Monterrey,Transferencia,Sitio web,5.0,Computo,15787.82,47363.46,Cancelado
ORD-11409,2024-01-23 07:45:22,CUST-1139,Audifonos Bluetooth,2,Queretaro,Tarjeta de credito,App movil,5.0,Accesorios,878.15,1756.3,Cancelado
ORD-11088,2024-03-28 08:04:36,CUST-1297,Teclado Mecanico RGB,2,Puebla,Tarjeta de credito,Sitio web,4.0,Accesorios,1169.73,2339.46,Completado
ORD-10024,2024-11-08 10:56:39,CUST-1273,Tablet 10 pulgadas,5,Puebla,Tarjeta de credito,App movil,1.0,Computo,3937.16,19685.8,Completado
ORD-10988,2024-12-08 04:16:07,CUST-1001,Bocina Portatil,2,Ciudad de Mexico,Tarjeta de debito,Sitio web,5.0,Accesorios,825.51,1651.02,Completado
ORD-10356,2024-06-09 17:18:17,CUST-1167,"Monitor Curvo 27""",5,Ciudad de Mexico,PayPal,Sitio web,4.0,Computo,6345.99,31729.95,Completado
ORD-11324,2024-03-10 22:24:51,CUST-1059,Disco SSD 1TB,1,Tijuana,Tarjeta de debito,Sitio web,4.0,Almacenamiento,1343.12,1343.12,Completado
ORD-11917,2024-08-19 05:01:17,CUST-1104,Mouse Inalambrico Pro,4,Tijuana,PayPal,Sitio web,5.0,Accesorios,332.57,1330.28,Cancelado
ORD-10268,2024-05-29 06:06:14,CUST-1284,Cargador USB-C 65W,5,Merida,PayPal,Sitio web,5.0,Accesorios,446.74,2233.7,Completado
ORD-10949,2024-03-26 06:27:29,CUST-1011,Laptop Ultrabook Air,5,Ciudad de Mexico,Efectivo contra entrega,Sitio web,5.0,Computo,15312.46,76562.3,Completado
ORD-11328,2024-06-01 09:18:12,CUST-1134,Audifonos Bluetooth,1,Merida,Tarjeta de debito,Sitio web,,Accesorios,923.73,923.73,Completado
ORD-10287,2024-04-14 05:40:46,CUST-1381,Bocina Portatil,3,Merida,Tarjeta de credito,App movil,5.0,Accesorios,788.25,2364.75,Completado
ORD-10472,2024-01-08 09:31:42,CUST-1313,Impresora Multifuncional,2,Ciudad de Mexico,Tarjeta de debito,App movil,1.0,Oficina,2888.94,5777.88,Cancelado
ORD-10326,2024-07-26 01:38:29,CUST-1314,Tablet 10 pulgadas,3,Queretaro,PayPal,App movil,5.0,Computo,4392.04,13176.12,Completado
ORD-10107,2024-07-28 09:30:52,CUST-1122,Impresora Multifuncional,1,Tijuana,Tarjeta de debito,App movil,5.0,Oficina,2840.85,2840.85,Cancelado
ORD-11026,2024-01-23 23:20:20,CUST-1084,Impresora Multifuncional,1,Tijuana,Transferencia,Marketplace,4.0,Oficina,2547.12,2547.12,Completado
ORD-10806,2024-04-22 07:57:46,CUST-1025,Laptop Ultrabook Air,1,Tijuana,Transferencia,Marketplace,1.0,Computo,14765.27,14765.27,Completado
ORD-10053,2024-09-04 16:03:31,CUST-1319,Silla Ergonomica,2,Merida,Tarjeta de debito,App movil,4.0,Oficina,2730.44,5460.88,Completado
ORD-10220,2024-02-19 14:14:14,CUST-1392,Bocina Portatil,1,Guadalajara,Tarjeta de credito,App movil,5.0,Accesorios,897.46,897.46,Completado
ORD-11848,2024-06-02 19:37:31,CUST-1213,Silla Ergonomica,3,Ciudad de Mexico,Tarjeta de credito,Sitio web,3.0,Oficina,3035.93,9107.79,Cancelado
ORD-11801,2024-08-23 03:25:31,CUST-1084,Webcam HD 1080p,5,Guadalajara,Tarjeta de credito,App movil,,Accesorios,694.16,3470.8,Completado
ORD-11888,2024-03-18 02:06:37,CUST-1036,Laptop Gamer X15,4,,Efectivo contra entrega,Marketplace,4.0,Computo,16726.33,66905.32,Completado
ORD-11316,2024-06-20 16:36:14,CUST-1382,Teclado Mecanico RGB,5,Tijuana,PayPal,Sitio web,4.0,Accesorios,1034.69,5173.45,Completado
ORD-10757,2024-06-23 07:15:47,CUST-1319,Smartwatch Fit,4,Merida,Transferencia,Sitio web,5.0,Wearables,2319.7,9278.8,Completado
ORD-10207,2024-10-29 03:20:03,CUST-1275,Smartwatch Fit,5,Guadalajara,Tarjeta de debito,App movil,5.0,Wearables,2313.82,11569.1,Completado
ORD-10083,2024-05-22 05:14:59,CUST-1172,Silla Ergonomica,3,Puebla,Tarjeta de credito,Sitio web,5.0,Oficina,2894.64,8683.92,Completado
ORD-10246,2024-12-16 08:28:09,CUST-1345,Laptop Gamer X15,1,Tijuana,Tarjeta de credito,Sitio web,5.0,Computo,17177.89,17177.89,Completado
ORD-11065,2024-02-22 00:26:37,CUST-1182,Cargador USB-C 65W,5,Merida,Transferencia,Sitio web,4.0,Accesorios,466.4,2332.0,Completado
ORD-10413,2024-04-23 13:30:47,CUST-1376,"Monitor Curvo 27""",5,Ciudad de Mexico,Transferencia,App movil,,Computo,6811.87,34059.35,Completado
ORD-11950,2024-09-18 22:14:49,CUST-1091,Bocina Portatil,4,Tijuana,Efectivo contra entrega,App movil,5.0,Accesorios,765.64,3062.56,Devuelto
ORD-11719,2024-09-23 05:12:01,CUST-1312,Laptop Gamer X15,2,Puebla,Tarjeta de debito,App movil,4.0,Computo,19267.71,38535.42,Completado
ORD-10570,2024-09-02 15:45:09,CUST-1046,Mouse Inalambrico Pro,2,Monterrey,Tarjeta de credito,Marketplace,3.0,Accesorios,345.06,690.12,Completado
ORD-10430,2024-04-28 01:49:15,CUST-1021,Cargador USB-C 65W,5,Queretaro,Transferencia,App movil,4.0,Accesorios,401.07,2005.35,Completado
ORD-10937,2024-11-28 00:26:59,CUST-1261,Disco SSD 1TB,4,Tijuana,Transferencia,App movil,,Almacenamiento,1292.71,5170.84,Completado
ORD-11766,2024-12-23 15:46:49,CUST-1348,Smartwatch Fit,1,Puebla,Efectivo contra entrega,App movil,3.0,Wearables,2684.07,2684.07,Completado
ORD-11342,2024-07-10 23:00:48,CUST-1256,Router WiFi 6,2,monterrey,Tarjeta de debito,Sitio web,,Redes,1625.11,3250.22,Devuelto
ORD-10489,2024-02-02 19:37:06,CUST-1214,Bocina Portatil,2,Queretaro,Tarjeta de credito,App movil,5.0,Accesorios,789.05,1578.1,Completado
ORD-10856,2024-05-25 19:54:01,CUST-1386,Webcam HD 1080p,4,Queretaro,Tarjeta de credito,Sitio web,4.0,Accesorios,678.73,2714.92,Completado
ORD-11263,2024-11-23 13:48:17,CUST-1354,Smartwatch Fit,1,Monterrey,Tarjeta de credito,App movil,4.0,Wearables,2668.51,2668.51,Completado
ORD-10070,2024-01-22 12:28:52,CUST-1245,Mouse Inalambrico Pro,3,Queretaro,Tarjeta de credito,Marketplace,4.0,Accesorios,346.76,1040.28,Completado
ORD-10442,2024-12-25 19:08:20,CUST-1267,Webcam HD 1080p,1,Monterrey,Tarjeta de credito,App movil,4.0,Accesorios,673.25,673.25,Cancelado
ORD-10751,2024-07-29 11:08:05,CUST-1299,Audifonos Bluetooth,2,Guadalajara,PayPal,App movil,,Accesorios,856.99,1713.98,Completado
ORD-11213,2024-08-13 17:53:43,CUST-1065,Impresora Multifuncional,5,Tijuana,PayPal,Sitio web,4.0,Oficina,2799.0,13995.0,Completado
ORD-11978,2024-10-07 16:47:26,CUST-1177,Mouse Inalambrico Pro,1,Merida,PayPal,Sitio web,,Accesorios,352.63,352.63,Cancelado
ORD-10174,2024-08-18 00:07:27,CUST-1028,Smartwatch Fit,4,Ciudad de Mexico,Tarjeta de credito,App movil,5.0,Wearables,2279.11,9116.44,Completado
ORD-10746,2024-01-17 00:18:04,CUST-1193,Silla Ergonomica,1,Tijuana,PayPal,Marketplace,2.0,Oficina,3005.93,3005.93,Completado
ORD-10980,2024-04-15 07:09:26,CUST-1315,Audifonos Bluetooth,5,Guadalajara,Transferencia,Sitio web,5.0,Accesorios,880.04,4400.2,Completado
ORD-10854,2024-01-15 15:17:24,CUST-1073,Tablet 10 pulgadas,5,Guadalajara,PayPal,App movil,4.0,Computo,3875.53,19377.65,Cancelado
ORD-10997,2024-06-02 03:30:15,CUST-1295,Disco SSD 1TB,5,Monterrey,Tarjeta de debito,App movil,2.0,Almacenamiento,1355.18,6775.9,Completado
ORD-11794,2024-11-20 13:13:59,CUST-1284,Mouse Inalambrico Pro,1,Guadalajara,PayPal,Sitio web,,Accesorios,301.72,301.72,Completado
ORD-10620,2024-03-17 23:08:01,CUST-1201,Impresora Multifuncional,2,Ciudad de Mexico,PayPal,Sitio web,2.0,Oficina,2675.02,5350.04,Completado
ORD-10906,2024-12-10 22:02:20,CUST-1118,Audifonos Bluetooth,3,Ciudad de Mexico,Efectivo contra entrega,Sitio web,4.0,Accesorios,840.27,2520.81,Completado
ORD-10566,2024-01-01 14:53:23,CUST-1055,Webcam HD 1080p,1,Guadalajara,Tarjeta de debito,App movil,5.0,Accesorios,678.2,678.2,Cancelado
ORD-11675,2024-02-18 08:23:23,CUST-1396,"Monitor Curvo 27""",3,Ciudad de Mexico,PayPal,App movil,3.0,Computo,6910.78,20732.34,Completado
ORD-10709,2024-01-11 20:50:03,CUST-1148,Disco SSD 1TB,5,Puebla,Tarjeta de debito,App movil,5.0,Almacenamiento,1348.17,6740.85,Devuelto
ORD-11030,2024-09-27 05:46:46,CUST-1395,Laptop Ultrabook Air,1,Guadalajara,Tarjeta de debito,App movil,5.0,Computo,14710.52,14710.52,Completado
ORD-10779,2024-01-31 11:26:41,CUST-1228,Webcam HD 1080p,2,Merida,Tarjeta de debito,App movil,5.0,Accesorios,635.76,1271.52,Completado
ORD-10646,2024-11-29 06:18:27,CUST-1185,Impresora Multifuncional,1,Puebla,Transferencia,Marketplace,5.0,Oficina,2626.36,2626.36,Completado
ORD-10260,2024-09-25 13:20:09,CUST-1269,Laptop Ultrabook Air,1,Guadalajara,Tarjeta de credito,Sitio web,4.0,Computo,14615.98,14615.98,Cancelado
ORD-10427,2024-08-14 00:22:01,CUST-1341,Laptop Ultrabook Air,5,Puebla,Efectivo contra entrega,Sitio web,5.0,Computo,13219.48,66097.4,Completado
ORD-11670,2024-05-24 18:00:35,CUST-1008,Laptop Ultrabook Air,4,Monterrey,PayPal,Sitio web,5.0,Computo,13413.25,53653.0,Devuelto
ORD-10447,2024-06-15 04:39:39,CUST-1180,Cargador USB-C 65W,4,Ciudad de Mexico,PayPal,App movil,3.0,Accesorios,424.5,1698.0,Completado
ORD-11171,2024-06-15 10:06:10,CUST-1266,Impresora Multifuncional,1,Puebla,PayPal,Sitio web,5.0,Oficina,2576.3,2576.3,Completado
ORD-11716,2024-10-16 21:20:28,CUST-1105,Impresora Multifuncional,2,Ciudad de Mexico,Tarjeta de credito,Sitio web,4.0,Oficina,2784.42,5568.84,Completado
ORD-11626,2024-08-03 21:21:29,CUST-1104,Tablet 10 pulgadas,1,Monterrey,Transferencia,Marketplace,5.0,Computo,4403.41,4403.41,Devuelto
ORD-10316,2024-11-05 18:28:55,CUST-1289,Impresora Multifuncional,2,Queretaro,Transferencia,Sitio web,5.0,Oficina,2736.94,5473.88,Devuelto
ORD-10515,2024-07-26 10:14:18,CUST-1384,Tablet 10 pulgadas,3,Queretaro,Tarjeta de debito,Sitio web,4.0,Computo,4021.45,12064.35,Cancelado
ORD-10481,2024-03-30 23:11:50,CUST-1254,Cargador USB-C 65W,-1,Ciudad de Mexico,Transferencia,App movil,5.0,Accesorios,418.53,-418.53,Cancelado
ORD-11829,2024-05-16 05:33:18,CUST-1139,Laptop Gamer X15,3,Ciudad de Mexico,Tarjeta de debito,App movil,4.0,Computo,19219.25,57657.75,Cancelado
ORD-11653,2024-04-02 04:35:54,CUST-1343,Teclado Mecanico RGB,5,Tijuana,Efectivo contra entrega,App movil,3.0,Accesorios,1058.27,5291.35,Completado
ORD-11322,2024-03-21 09:15:36,CUST-1300,"Monitor Curvo 27""",1,Ciudad de Mexico,Transferencia,App movil,4.0,Computo,6725.04,6725.04,Completado
ORD-10503,2024-06-23 05:56:16,CUST-1084,"Monitor Curvo 27""",1,Guadalajara,Tarjeta de debito,Sitio web,4.0,Computo,7131.55,7131.55,Devuelto
ORD-10660,2024-04-17 17:08:07,CUST-1167,Smartwatch Fit,2,Tijuana,Efectivo contra entrega,Sitio web,4.0,Wearables,2286.0,4572.0,Completado
ORD-11985,2024-12-02 02:47:14,CUST-1223,Silla Ergonomica,4,Guadalajara,Tarjeta de credito,App movil,5.0,Oficina,3316.77,13267.08,Completado
ORD-11035,2024-02-08 09:04:20,CUST-1334,Impresora Multifuncional,4,Tijuana,Tarjeta de debito,App movil,4.0,Oficina,2712.82,10851.28,Completado
ORD-11238,2024-10-30 12:50:58,CUST-1173,Laptop Ultrabook Air,5,Merida,Tarjeta de debito,App movil,4.0,Computo,14496.3,72481.5,Completado
ORD-11770,2024-10-03 17:14:52,CUST-1374,Smartwatch Fit,2,Puebla,Tarjeta de credito,Marketplace,5.0,Wearables,2599.86,5199.72,Completado
ORD-11871,2024-11-08 21:08:04,CUST-1117,Tablet 10 pulgadas,4,Queretaro,Efectivo contra entrega,Marketplace,5.0,Computo,4289.14,17156.56,Completado
ORD-11460,2024-08-03 13:18:01,CUST-1144,Audifonos Bluetooth,3,Guadalajara,Tarjeta de credito,App movil,5.0,Accesorios,997.06,2991.18,Completado
ORD-11742,2024-06-17 12:19:20,CUST-1108,Bocina Portatil,1,Queretaro,Efectivo contra entrega,Sitio web,4.0,Accesorios,857.29,857.29,Completado
ORD-11244,2024-02-18 19:31:15,CUST-1174,Smartwatch Fit,2,Merida,Efectivo contra entrega,Sitio web,4.0,Wearables,2700.45,5400.9,Completado
ORD-11646,2024-09-23 11:00:41,CUST-1043,Smartwatch Fit,3,Guadalajara,Tarjeta de debito,App movil,5.0,Wearables,2551.94,7655.82,Completado
ORD-11640,2024-10-30 01:06:52,CUST-1314,Laptop Ultrabook Air,5,Tijuana,Tarjeta de debito,Sitio web,5.0,Computo,15895.89,79479.45,Cancelado
ORD-11535,2024-07-08 12:14:52,CUST-1074,Laptop Ultrabook Air,4,Queretaro,Tarjeta de debito,App movil,,Computo,15683.86,62735.44,Completado
ORD-10460,2024-08-03 01:06:02,CUST-1068,Webcam HD 1080p,4,Puebla,Tarjeta de credito,Marketplace,5.0,Accesorios,667.34,2669.36,Cancelado
ORD-11873,2024-08-24 13:25:53,CUST-1190,Cargador USB-C 65W,3,Merida,Tarjeta de debito,App movil,5.0,Accesorios,459.98,1379.94,Cancelado
ORD-11334,2024-03-02 23:58:06,CUST-1216,"Monitor Curvo 27""",1,Puebla,Tarjeta de credito,Marketplace,2.0,Computo,6870.39,6870.39,Completado
ORD-10829,2024-10-14 06:55:03,CUST-1384,Silla Ergonomica,4,Puebla,Tarjeta de debito,App movil,5.0,Oficina,3072.72,12290.88,Completado
ORD-11205,2024-09-13 02:12:01,CUST-1129,Webcam HD 1080p,5,Merida,Tarjeta de credito,App movil,2.0,Accesorios,723.86,3619.3,Completado
ORD-11117,2024-06-30 06:06:35,CUST-1183,Laptop Ultrabook Air,2,Merida,Tarjeta de debito,App movil,3.0,Computo,13231.36,26462.72,Completado
ORD-10707,2024-05-19 10:36:13,CUST-1341,Silla Ergonomica,4,Queretaro,Tarjeta de credito,App movil,5.0,Oficina,2794.03,11176.12,Completado
ORD-11818,2024-08-08 18:48:01,CUST-1037,Silla Ergonomica,5,Puebla,Efectivo contra entrega,App movil,4.0,Oficina,3347.78,16738.9,Completado
ORD-10898,2024-06-23 23:24:27,CUST-1139,Disco SSD 1TB,5,Tijuana,Transferencia,App movil,5.0,Almacenamiento,1356.76,6783.8,Completado
ORD-11015,2024-11-12 08:41:18,CUST-1282,Laptop Gamer X15,1,Guadalajara,Tarjeta de credito,Marketplace,5.0,Computo,18634.01,18634.01,Completado
ORD-11953,2024-03-17 04:57:36,CUST-1293,Audifonos Bluetooth,1,Merida,Tarjeta de debito,App movil,5.0,Accesorios,894.71,894.71,Completado
ORD-10679,2024-02-22 02:33:57,CUST-1332, Router WiFi 6  ,1,Tijuana,Transferencia,App movil,5.0,Redes,1555.87,1555.87,Cancelado
ORD-10236,2024-02-19 07:53:48,CUST-1251,Laptop Gamer X15,1,Merida,Tarjeta de debito,Sitio web,3.0,Computo,18984.19,18984.19,Completado
ORD-10609,2024-03-18 00:59:49,CUST-1331,Cargador USB-C 65W,1,Guadalajara,Efectivo contra entrega,App movil,5.0,Accesorios,466.63,466.63,Completado
ORD-11290,2024-01-20 05:07:54,CUST-1110,"Monitor Curvo 27""",4,Queretaro,PayPal,App movil,,Computo,6640.36,26561.44,Completado
ORD-11645,2024-03-19 09:10:02,CUST-1241,Tablet 10 pulgadas,2,Monterrey,Efectivo contra entrega,Sitio web,,Computo,4079.33,8158.66,Completado
ORD-11662,2024-11-02 14:32:38,CUST-1166,Impresora Multifuncional,1,Guadalajara,PayPal,Sitio web,5.0,Oficina,2800.19,2800.19,Completado
ORD-10905,2024-06-22 13:43:11,CUST-1347,Laptop Gamer X15,2,monterrey,Efectivo contra entrega,App movil,5.0,Computo,16245.52,32491.04,Completado
ORD-11987,2024-12-06 15:17:57,CUST-1149,Webcam HD 1080p,4,Monterrey,PayPal,Sitio web,4.0,Accesorios,607.67,2430.68,Completado
ORD-11813,2024-01-22 08:17:29,CUST-1134,Audifonos Bluetooth,1,Merida,Tarjeta de credito,App movil,4.0,Accesorios,955.46,955.46,Completado
ORD-11857,2024-05-15 02:04:34,CUST-1370,Disco SSD 1TB,5,tijuana,PayPal,Sitio web,4.0,Almacenamiento,1457.46,7287.3,Cancelado
ORD-10255,2024-12-19 09:02:05,CUST-1176,Bocina Portatil,1,Queretaro,PayPal,App movil,,Accesorios,868.95,868.95,Completado
ORD-10123,2024-12-15 19:04:38,CUST-1379,Teclado Mecanico RGB,1,Tijuana,Tarjeta de credito,Sitio web,4.0,Accesorios,1247.67,1247.67,Devuelto
ORD-10370,2024-12-20 16:22:50,CUST-1300,Cargador USB-C 65W,1,Ciudad de Mexico,Transferencia,Marketplace,4.0,Accesorios,383.39,383.39,Completado
ORD-10613,2024-02-10 07:43:08,CUST-1144,Mouse Inalambrico Pro,2,Tijuana,Tarjeta de debito,App movil,4.0,Accesorios,359.0,718.0,Completado
ORD-11053,2024-06-20 01:01:09,CUST-1340,Tablet 10 pulgadas,2,Guadalajara,Tarjeta de debito,Sitio web,3.0,Computo,3992.91,7985.82,Completado
ORD-10455,2024-09-17 20:37:27,CUST-1004,Router WiFi 6,4,Puebla,Tarjeta de debito,App movil,5.0,Redes,1782.1,7128.4,Completado
ORD-11595,2024-03-04 12:18:58,CUST-1139,Impresora Multifuncional,4,Merida,Tarjeta de debito,Sitio web,2.0,Oficina,2924.19,11696.76,Cancelado
ORD-10189,2024-01-28 07:55:20,CUST-1257,Webcam HD 1080p,2,Monterrey,Tarjeta de debito,App movil,4.0,Accesorios,689.51,1379.02,Completado
ORD-11261,2024-12-26 00:53:29,CUST-1065,Smartwatch Fit,1,Tijuana,Transferencia,App movil,5.0,Wearables,2623.34,2623.34,Completado
ORD-11340,2024-03-09 15:19:21,CUST-1251,Tablet 10 pulgadas,3,Queretaro,Transferencia,Sitio web,4.0,Computo,4463.57,13390.71,Completado
ORD-11825,2024-11-18 21:08:28,CUST-1298,Disco SSD 1TB,2,Monterrey,Transferencia,App movil,4.0,Almacenamiento,1461.79,2923.58,Completado
ORD-11453,2024-09-13 05:17:04,CUST-1276,Bocina Portatil,3,Queretaro,Tarjeta de credito,App movil,4.0,Accesorios,890.12,2670.36,Completado
ORD-11033,2024-06-05 03:02:48,CUST-1359,Disco SSD 1TB,4,Guadalajara,Tarjeta de debito,App movil,4.0,Almacenamiento,1365.8,5463.2,Completado
ORD-10512,2024-01-24 06:07:34,CUST-1257,Mouse Inalambrico Pro,5,Guadalajara,PayPal,App movil,,Accesorios,355.78,1778.9,Cancelado
ORD-11977,2024-11-04 05:32:08,CUST-1105,Laptop Gamer X15,3,Tijuana,Efectivo contra entrega,App movil,5.0,Computo,16460.94,49382.82,Completado
ORD-10901,2024-01-08 06:55:58,CUST-1077,Webcam HD 1080p,1,Merida,Transferencia,App movil,4.0,Accesorios,720.38,720.38,Completado
ORD-11426,2024-12-21 13:11:43,CUST-1256,Webcam HD 1080p,2,Queretaro,Transferencia,App movil,5.0,Accesorios,615.6,1231.2,Completado
ORD-10539,2024-10-08 12:51:13,CUST-1157,Bocina Portatil,4,Guadalajara,Tarjeta de credito,Sitio web,5.0,Accesorios,768.38,3073.52,Completado
ORD-10352,2024-09-07 19:00:54,CUST-1322,Impresora Multifuncional,5,Tijuana,Tarjeta de debito,App movil,4.0,Oficina,2394.2,11971.0,Completado
ORD-11834,2024-03-17 00:23:25,CUST-1066,Bocina Portatil,1,Tijuana,Tarjeta de credito,App movil,1.0,Accesorios,792.87,792.87,Devuelto
ORD-11031,2024-03-21 02:16:53,CUST-1379,Webcam HD 1080p,2,Guadalajara,Tarjeta de credito,App movil,5.0,Accesorios,693.8,1387.6,Completado
ORD-10932,2024-10-19 04:40:27,CUST-1008,Laptop Gamer X15,2,Merida,PayPal,Marketplace,5.0,Computo,18710.43,37420.86,Cancelado
ORD-11368,2024-06-10 08:48:51,CUST-1395,Tablet 10 pulgadas,1,Queretaro,Tarjeta de debito,App movil,,Computo,4316.73,4316.73,Completado
ORD-10098,2024-12-01 17:44:40,CUST-1131,Laptop Ultrabook Air,1,Tijuana,Tarjeta de debito,Marketplace,4.0,Computo,15365.89,15365.89,Devuelto
ORD-11643,2024-12-21 06:35:38,CUST-1097,Teclado Mecanico RGB,1,Guadalajara,Tarjeta de credito,App movil,3.0,Accesorios,1190.57,1190.57,Completado
ORD-10237,2024-02-03 11:56:47,CUST-1104,Laptop Gamer X15,2,Merida,Tarjeta de debito,Sitio web,3.0,Computo,17676.09,35352.18,Cancelado
ORD-10457,2024-06-23 16:55:28,CUST-1291,Impresora Multifuncional,1,Queretaro,Efectivo contra entrega,Marketplace,4.0,Oficina,2645.07,2645.07,Completado
ORD-11730,2024-01-20 19:00:49,CUST-1169,Teclado Mecanico RGB,5,Monterrey,Tarjeta de debito,App movil,5.0,Accesorios,1036.37,5181.85,Completado
ORD-10899,2024-11-09 15:32:49,CUST-1093,Tablet 10 pulgadas,1,Tijuana,Tarjeta de debito,App movil,4.0,Computo,4040.29,4040.29,Cancelado
ORD-11423,2024-08-08 07:02:34,CUST-1298,Disco SSD 1TB,1,Tijuana,PayPal,App movil,5.0,Almacenamiento,1277.54,1277.54,Completado
ORD-10508,2024-06-03 17:04:40,CUST-1053, Smartwatch Fit  ,2,Tijuana,Transferencia,App movil,5.0,Wearables,2583.49,5166.98,Completado
ORD-11379,2024-02-08 13:48:20,CUST-1357,Mouse Inalambrico Pro,1,Queretaro,Tarjeta de debito,App movil,5.0,Accesorios,353.63,353.63,Completado
ORD-10163,2024-08-03 02:16:10,CUST-1348,Cargador USB-C 65W,2,Guadalajara,Tarjeta de debito,App movil,5.0,Accesorios,461.94,923.88,Completado
ORD-10540,2024-01-31 23:51:35,CUST-1179,"Monitor Curvo 27""",1,Puebla,PayPal,App movil,5.0,Computo,6737.73,6737.73,Completado
ORD-11824,2024-01-24 08:04:16,CUST-1310,Bocina Portatil,5,puebla,Efectivo contra entrega,Sitio web,4.0,Accesorios,893.36,4466.8,Completado
ORD-10726,2024-05-13 01:12:46,CUST-1125,Mouse Inalambrico Pro,1,Tijuana,Tarjeta de debito,Sitio web,5.0,Accesorios,338.62,338.62,Completado
ORD-10972,2024-11-15 08:48:39,CUST-1108,Audifonos Bluetooth,3,Queretaro,Tarjeta de credito,App movil,,Accesorios,941.4,2824.2,Completado
ORD-11618,2024-07-06 15:09:40,CUST-1144,Smartwatch Fit,2,Ciudad de Mexico,Tarjeta de debito,App movil,5.0,Wearables,2616.37,5232.74,Completado
ORD-11403,2024-11-03 19:35:58,CUST-1292,Mouse Inalambrico Pro,1,Queretaro,Tarjeta de debito,App movil,5.0,Accesorios,366.64,366.64,Devuelto
ORD-10021,2024-02-14 19:06:23,CUST-1365,Webcam HD 1080p,1,Monterrey,Tarjeta de debito,Sitio web,5.0,Accesorios,620.69,620.69,Completado
ORD-11100,2024-02-05 04:56:32,CUST-1294,Silla Ergonomica,2,Tijuana,PayPal,Sitio web,5.0,Oficina,3114.5,6229.0,Completado
ORD-10061,2024-10-02 07:28:44,CUST-1315,Smartwatch Fit,4,Puebla,Tarjeta de debito,App movil,5.0,Wearables,2623.74,10494.96,Completado
ORD-11526,2024-05-12 09:44:46,CUST-1282,Laptop Ultrabook Air,2,Monterrey,Tarjeta de credito,App movil,4.0,Computo,13772.56,27545.12,Completado
ORD-11279,2024-07-13 17:14:13,CUST-1114,Tablet 10 pulgadas,1,Merida,Tarjeta de debito,App movil,4.0,Computo,3982.4,3982.4,Cancelado
ORD-10382,2024-06-27 03:13:43,CUST-1044,Teclado Mecanico RGB,1,Ciudad de Mexico,PayPal,Sitio web,2.0,Accesorios,1094.55,1094.55,Completado
ORD-10791,2024-08-25 11:46:05,CUST-1044,Audifonos Bluetooth,5,Queretaro,Tarjeta de credito,Marketplace,5.0,Accesorios,817.65,4088.25,Completado
ORD-10169,2024-02-12 13:45:05,CUST-1063,Router WiFi 6,4,Queretaro,Tarjeta de credito,Sitio web,4.0,Redes,1735.89,6943.56,Completado
ORD-11983,2024-04-08 22:53:02,CUST-1010,Cargador USB-C 65W,5,Queretaro,Transferencia,App movil,4.0,Accesorios,403.89,2019.45,Completado
ORD-11651,2024-03-07 06:17:19,CUST-1206,Smartwatch Fit,3,Ciudad de Mexico,Tarjeta de credito,App movil,4.0,Wearables,2223.88,6671.64,Completado
ORD-10311,2024-02-06 03:01:26,CUST-1127,Tablet 10 pulgadas,1,Merida,Tarjeta de credito,App movil,1.0,Computo,4158.5,4158.5,Cancelado
ORD-11541,2024-11-11 02:41:12,CUST-1195,Teclado Mecanico RGB,1,Guadalajara,Tarjeta de credito,App movil,5.0,Accesorios,1160.73,1160.73,Completado
ORD-11757,2024-03-03 14:55:37,CUST-1031,Laptop Gamer X15,1,merida,Tarjeta de credito,Sitio web,5.0,Computo,18586.47,18586.47,Completado
ORD-10492,2024-01-11 04:14:22,CUST-1260,Laptop Ultrabook Air,1,Merida,Efectivo contra entrega,App movil,1.0,Computo,14753.14,14753.14,Cancelado
ORD-10044,2024-09-09 03:38:51,CUST-1358,Mouse Inalambrico Pro,2,Ciudad de Mexico,Tarjeta de credito,Sitio web,5.0,Accesorios,359.36,718.72,Completado
ORD-10860,2024-08-30 16:58:53,CUST-1137,Audifonos Bluetooth,4,Queretaro,Tarjeta de credito,App movil,4.0,Accesorios,852.87,3411.48,Devuelto
ORD-11938,2024-04-01 19:45:41,CUST-1330,Bocina Portatil,2,Merida,Tarjeta de credito,Marketplace,5.0,Accesorios,810.13,1620.26,Completado
ORD-10700,2024-01-09 16:52:31,CUST-1096,Silla Ergonomica,1,Guadalajara,Tarjeta de credito,App movil,2.0,Oficina,3161.38,3161.38,Completado
ORD-11994,2024-11-02 09:04:08,CUST-1173,Smartwatch Fit,2,Monterrey,Tarjeta de credito,App movil,5.0,Wearables,2532.53,5065.06,Completado
ORD-10592,2024-11-06 13:01:05,CUST-1370,Mouse Inalambrico Pro,3,Queretaro,Tarjeta de debito,App movil,3.0,Accesorios,301.8,905.4,Completado
ORD-11524,2024-06-12 22:13:26,CUST-1352,Smartwatch Fit,5,Ciudad de Mexico,Transferencia,App movil,4.0,Wearables,2349.41,11747.05,Completado
ORD-10533,2024-07-25 20:52:40,CUST-1349,Router WiFi 6,2,Guadalajara,Tarjeta de debito,Sitio web,5.0,Redes,1769.73,3539.46,Completado
ORD-10324,2024-02-03 11:28:44,CUST-1015,Audifonos Bluetooth,4,Tijuana,Transferencia,App movil,3.0,Accesorios,913.94,3655.76,Completado
ORD-10782,2024-08-28 16:11:27,CUST-1261,"Monitor Curvo 27""",1,Puebla,Tarjeta de credito,Sitio web,5.0,Computo,5967.53,5967.53,Devuelto
ORD-10752,2024-01-01 05:45:33,CUST-1200,Webcam HD 1080p,1,Merida,Tarjeta de credito,Marketplace,4.0,Accesorios,641.84,641.84,Cancelado
ORD-11909,2024-12-20 09:19:43,CUST-1085,Laptop Gamer X15,4,Merida,Tarjeta de debito,App movil,5.0,Computo,17890.96,71563.84,Completado
ORD-11581,2024-09-17 07:13:06,CUST-1011,Router WiFi 6,2,Queretaro,PayPal,App movil,4.0,Redes,1546.4,3092.8,Devuelto
ORD-10810,2024-02-18 11:08:10,CUST-1006,Impresora Multifuncional,2,Ciudad de Mexico,PayPal,App movil,4.0,Oficina,2939.07,5878.14,Devuelto
ORD-11695,2024-11-22 19:00:36,CUST-1051,Teclado Mecanico RGB,1,Monterrey,Tarjeta de credito,Marketplace,,Accesorios,1174.51,1174.51,Completado
ORD-10480,2024-06-29 01:55:48,CUST-1146,Laptop Gamer X15,1,Merida,PayPal,App movil,3.0,Computo,18240.71,18240.71,Cancelado
ORD-10605,2024-12-03 06:23:20,CUST-1334,Teclado Mecanico RGB,2,Tijuana,Tarjeta de credito,Marketplace,3.0,Accesorios,1196.6,2393.2,Completado
ORD-10989,2024-08-23 15:51:58,CUST-1067,Impresora Multifuncional,4,Merida,Transferencia,App movil,5.0,Oficina,2492.16,9968.64,Completado
ORD-10026,2024-07-02 07:49:28,CUST-1235,Teclado Mecanico RGB,1,Monterrey,Tarjeta de credito,App movil,5.0,Accesorios,1140.9,1140.9,Completado
ORD-10664,2024-07-26 07:51:04,CUST-1309,Mouse Inalambrico Pro,2,Monterrey,Tarjeta de debito,Sitio web,5.0,Accesorios,300.22,600.44,Completado
ORD-11319,2024-06-19 19:40:22,CUST-1297,Teclado Mecanico RGB,1,Monterrey,Tarjeta de credito,App movil,1.0,Accesorios,1122.95,1122.95,Completado
ORD-11593,2024-09-03 21:18:23,CUST-1178,Cargador USB-C 65W,1,Puebla,Tarjeta de debito,Marketplace,4.0,Accesorios,418.6,418.6,Devuelto
ORD-10691,2024-10-08 12:11:34,CUST-1082,Laptop Gamer X15,4,Tijuana,Tarjeta de credito,App movil,5.0,Computo,16736.6,66946.4,Completado
ORD-10394,2024-12-05 05:20:25,CUST-1270,Smartwatch Fit,1,Puebla,Tarjeta de debito,App movil,4.0,Wearables,2394.28,2394.28,Completado
ORD-10456,2024-09-11 23:02:29,CUST-1193,Disco SSD 1TB,2,Guadalajara,Efectivo contra entrega,Sitio web,4.0,Almacenamiento,1315.63,2631.26,Completado
ORD-10612,2024-03-10 14:42:39,CUST-1325,Smartwatch Fit,2,Queretaro,Efectivo contra entrega,App movil,4.0,Wearables,2398.38,4796.76,Completado
ORD-11506,2024-10-29 00:19:43,CUST-1242,Disco SSD 1TB,3,Ciudad de Mexico,Tarjeta de credito,App movil,3.0,Almacenamiento,1339.62,4018.86,Completado
ORD-10767,2024-06-25 22:18:55,CUST-1298,Audifonos Bluetooth,2,Guadalajara,Tarjeta de debito,Sitio web,3.0,Accesorios,952.65,1905.3,Completado
ORD-11600,2024-07-06 20:53:20,CUST-1263,Laptop Ultrabook Air,3,Ciudad de Mexico,Tarjeta de credito,Sitio web,,Computo,14395.36,43186.08,Completado
ORD-10736,2024-12-06 00:46:43,CUST-1086,Router WiFi 6,5,Tijuana,Tarjeta de debito,Sitio web,5.0,Redes,1823.72,9118.6,Completado
ORD-10262,2024-02-14 06:47:55,CUST-1305,Impresora Multifuncional,3,Monterrey,Tarjeta de debito,App movil,4.0,Oficina,2653.04,7959.12,Completado
ORD-11861,2024-03-05 00:47:17,CUST-1393,Cargador USB-C 65W,2,Merida,Efectivo contra entrega,Sitio web,5.0,Accesorios,409.16,818.32,Completado
ORD-11211,2024-08-12 20:05:03,CUST-1347,Router WiFi 6,2,Merida,Tarjeta de debito,Sitio web,5.0,Redes,1634.63,3269.26,Completado
ORD-10368,2024-10-19 04:17:05,CUST-1168,Silla Ergonomica,1,Monterrey,Tarjeta de credito,App movil,3.0,Oficina,3184.03,3184.03,Completado
ORD-10869,2024-01-17 16:24:37,CUST-1114,Webcam HD 1080p,1,Merida,Transferencia,App movil,,Accesorios,669.56,669.56,Devuelto
ORD-11732,2024-06-13 06:57:06,CUST-1165,Audifonos Bluetooth,1,Ciudad de Mexico,Efectivo contra entrega,App movil,4.0,Accesorios,880.47,880.47,Completado
ORD-10464,2024-02-01 23:58:34,CUST-1253,Laptop Ultrabook Air,2,Monterrey,Tarjeta de credito,Marketplace,,Computo,13005.72,26011.44,Completado
ORD-11989,2024-12-08 08:26:39,CUST-1270,"Monitor Curvo 27""",1,Monterrey,Transferencia,Sitio web,5.0,Computo,6295.71,6295.71,Devuelto
ORD-11107,2024-06-06 07:18:05,CUST-1051,Laptop Gamer X15,5,Merida,PayPal,Sitio web,5.0,Computo,17804.95,89024.75,Completado
ORD-11782,2024-01-19 00:12:56,CUST-1157,Bocina Portatil,5,Merida,Tarjeta de credito,Marketplace,5.0,Accesorios,861.7,4308.5,Completado
ORD-10309,2024-10-30 02:20:12,CUST-1269,Impresora Multifuncional,2,Guadalajara,PayPal,Sitio web,5.0,Oficina,2409.09,4818.18,Devuelto
ORD-11025,2024-03-12 18:42:56,CUST-1378,Teclado Mecanico RGB,2,Queretaro,Tarjeta de debito,App movil,4.0,Accesorios,1215.44,2430.88,Completado
ORD-10893,2024-08-14 06:59:04,CUST-1253,Silla Ergonomica,2,Puebla,PayPal,App movil,5.0,Oficina,2757.41,5514.82,Cancelado
ORD-10673,2024-09-30 11:42:55,CUST-1059,Silla Ergonomica,4,Tijuana,Tarjeta de credito,Marketplace,3.0,Oficina,2766.69,11066.76,Completado
ORD-10577,2024-07-01 01:37:29,CUST-1009,Cargador USB-C 65W,2,Tijuana,Efectivo contra entrega,Marketplace,5.0,Accesorios,415.17,830.34,Completado
ORD-11306,2024-02-24 02:01:46,CUST-1097,Bocina Portatil,1,Puebla,Tarjeta de debito,App movil,4.0,Accesorios,811.34,811.34,Completado
ORD-11894,2024-09-26 00:07:15,CUST-1061,Bocina Portatil,2,Merida,Tarjeta de credito,Marketplace,4.0,Accesorios,910.48,1820.96,Completado
ORD-11360,2024-02-25 03:19:16,CUST-1210,Disco SSD 1TB,5,Tijuana,Transferencia,Marketplace,5.0,Almacenamiento,1252.08,6260.4,Devuelto
ORD-11194,2024-11-10 20:23:36,CUST-1291,Disco SSD 1TB,3,Guadalajara,Tarjeta de debito,Sitio web,3.0,Almacenamiento,1510.98,4532.94,Completado
ORD-10928,2024-04-22 15:05:31,CUST-1185,Cargador USB-C 65W,1,Guadalajara,Tarjeta de debito,App movil,,Accesorios,415.97,415.97,Completado
ORD-10975,2024-04-14 03:09:53,CUST-1133,Webcam HD 1080p,4,Merida,Transferencia,App movil,5.0,Accesorios,648.57,2594.28,Completado
ORD-11317,2024-06-22 20:29:57,CUST-1010,Cargador USB-C 65W,2,Ciudad de Mexico,Tarjeta de credito,Sitio web,3.0,Accesorios,438.97,877.94,Completado
ORD-10836,2024-09-07 22:59:46,CUST-1205,Teclado Mecanico RGB,2,Merida,Tarjeta de debito,App movil,5.0,Accesorios,1034.9,2069.8,Completado
ORD-11312,2024-11-22 08:31:15,CUST-1338,Mouse Inalambrico Pro,1,Tijuana,Tarjeta de credito,Sitio web,5.0,Accesorios,351.99,351.99,Completado
ORD-10378,2024-03-27 17:00:23,CUST-1214,Laptop Gamer X15,5,Puebla,Tarjeta de credito,App movil,5.0,Computo,17011.13,85055.65,Cancelado
ORD-11165,2024-02-24 23:12:43,CUST-1009,Laptop Gamer X15,4,Guadalajara,PayPal,Sitio web,5.0,Computo,16413.28,65653.12,Cancelado
ORD-10696,2024-09-12 00:46:53,CUST-1285,Router WiFi 6,4,Tijuana,Tarjeta de debito,App movil,3.0,Redes,1544.4,6177.6,Completado
ORD-11540,2024-01-17 10:56:12,CUST-1080,Laptop Ultrabook Air,1,Ciudad de Mexico,Tarjeta de credito,App movil,3.0,Computo,13292.2,13292.2,Completado
ORD-10538,2024-07-08 12:04:25,CUST-1394,Disco SSD 1TB,3,Tijuana,Tarjeta de credito,Sitio web,5.0,Almacenamiento,1337.25,4011.75,Completado
ORD-10911,2024-10-24 11:00:46,CUST-1196,Disco SSD 1TB,5,Guadalajara,Tarjeta de credito,App movil,1.0,Almacenamiento,1328.55,6642.75,Completado
ORD-11461,2024-02-04 22:25:33,CUST-1369,Bocina Portatil,1,Monterrey,Tarjeta de credito,Marketplace,5.0,Accesorios,757.07,757.07,Completado
ORD-11636,2024-10-28 12:29:57,CUST-1000,Bocina Portatil,2,Puebla,Tarjeta de debito,Sitio web,4.0,Accesorios,845.27,1690.54,Completado
ORD-11003,2024-07-02 01:07:45,CUST-1373,Teclado Mecanico RGB,5,Guadalajara,Tarjeta de credito,App movil,5.0,Accesorios,1083.84,5419.2,Completado
ORD-11303,2024-03-26 20:26:12,CUST-1208,"Monitor Curvo 27""",2,Puebla,Tarjeta de credito,App movil,,Computo,6899.05,13798.1,Completado
ORD-11163,2024-12-21 11:36:33,CUST-1144,Impresora Multifuncional,5,Merida,Tarjeta de credito,Marketplace,5.0,Oficina,2401.98,12009.9,Completado
ORD-11022,2024-11-18 19:49:02,CUST-1098,Mouse Inalambrico Pro,2,Guadalajara,Tarjeta de credito,App movil,5.0,Accesorios,329.77,659.54,Completado
ORD-10834,2024-11-11 00:08:02,CUST-1344,Teclado Mecanico RGB,3,Monterrey,Tarjeta de credito,Sitio web,4.0,Accesorios,1139.82,3419.46,Completado
ORD-10288,2024-04-03 11:22:01,CUST-1055,Tablet 10 pulgadas,1,Monterrey,PayPal,Sitio web,4.0,Computo,4707.94,4707.94,Completado
ORD-10129,2024-11-28 18:39:11,CUST-1252,Bocina Portatil,1,Puebla,Tarjeta de credito,App movil,5.0,Accesorios,825.54,825.54,Completado
ORD-11743,2024-02-10 13:27:08,CUST-1303,Router WiFi 6,1,Monterrey,Tarjeta de credito,App movil,5.0,Redes,1870.22,1870.22,Cancelado
ORD-10095,2024-08-03 06:08:38,CUST-1109,Webcam HD 1080p,3,Guadalajara,Tarjeta de credito,Marketplace,5.0,Accesorios,655.51,1966.53,Cancelado
ORD-11023,2024-02-17 18:46:41,CUST-1097,Router WiFi 6,4,Queretaro,PayPal,Sitio web,3.0,Redes,1704.12,6816.48,Completado
ORD-11167,2024-06-02 19:42:07,CUST-1289,Router WiFi 6,2,Guadalajara,Tarjeta de credito,Sitio web,5.0,Redes,1748.07,3496.14,Completado
ORD-10482,2024-01-22 00:22:37,CUST-1097,Laptop Gamer X15,5,Queretaro,Transferencia,App movil,4.0,Computo,16486.68,82433.4,Devuelto
ORD-10792,2024-08-06 17:35:09,CUST-1011,Cargador USB-C 65W,5,Queretaro,Transferencia,App movil,5.0,Accesorios,397.74,1988.7,Devuelto
ORD-11357,2024-01-11 20:26:03,CUST-1287,Impresora Multifuncional,3,Merida,PayPal,Sitio web,2.0,Oficina,2569.23,7707.69,Cancelado
ORD-11405,2024-06-19 14:55:56,CUST-1235,Bocina Portatil,5,queretaro,Tarjeta de debito,Sitio web,3.0,Accesorios,834.49,4172.45,Completado
ORD-11027,2024-06-15 16:35:34,CUST-1356,Impresora Multifuncional,2,Puebla,Tarjeta de credito,App movil,,Oficina,2880.38,5760.76,Completado
ORD-10722,2024-05-01 09:26:41,CUST-1351,Bocina Portatil,2,Merida,Tarjeta de debito,Sitio web,2.0,Accesorios,769.33,1538.66,Completado
ORD-10802,2024-03-29 14:57:04,CUST-1095,Laptop Gamer X15,2,Queretaro,PayPal,Marketplace,5.0,Computo,18717.65,37435.3,Devuelto
ORD-10701,2024-03-06 09:17:25,CUST-1029,Silla Ergonomica,5,Ciudad de Mexico,Tarjeta de credito,App movil,5.0,Oficina,3082.31,15411.55,Cancelado
ORD-10039,2024-12-05 07:31:03,CUST-1158,Router WiFi 6,3,Queretaro,Transferencia,Sitio web,2.0,Redes,1714.07,5142.21,Cancelado
ORD-10043,2024-04-02 05:04:32,CUST-1201,Silla Ergonomica,2,Guadalajara,Tarjeta de credito,App movil,3.0,Oficina,3101.4,6202.8,Completado
ORD-11521,2024-11-06 11:37:34,CUST-1278,Laptop Ultrabook Air,3,Merida,Tarjeta de credito,App movil,5.0,Computo,14033.04,42099.12,Completado
ORD-11997,2024-05-07 16:50:32,CUST-1342,Smartwatch Fit,3,Ciudad de Mexico,Tarjeta de debito,Sitio web,5.0,Wearables,2676.95,8030.85,Completado
ORD-10289,2024-03-14 05:51:15,CUST-1017,Cargador USB-C 65W,3,Queretaro,PayPal,Sitio web,4.0,Accesorios,471.16,1413.48,Completado
ORD-11796,2024-05-09 15:55:38,CUST-1279,Disco SSD 1TB,3,Guadalajara,Tarjeta de credito,Sitio web,5.0,Almacenamiento,1320.33,3960.99,Devuelto
ORD-10908,2024-07-19 17:35:18,CUST-1391,Cargador USB-C 65W,2,Merida,Tarjeta de credito,App movil,5.0,Accesorios,391.65,783.3,Cancelado
ORD-10243,2024-05-05 05:57:55,CUST-1182,Router WiFi 6,3,Tijuana,Tarjeta de debito,Sitio web,,Redes,1661.29,4983.87,Completado
ORD-10922,2024-10-27 18:39:49,CUST-1136,Webcam HD 1080p,3,Ciudad de Mexico,Tarjeta de debito,Marketplace,5.0,Accesorios,700.71,2102.13,Completado
ORD-11119,2024-01-23 10:37:07,CUST-1004,Router WiFi 6,1,Guadalajara,PayPal,App movil,5.0,Redes,1726.7,1726.7,Cancelado
ORD-10410,2024-01-05 05:29:24,CUST-1027,Tablet 10 pulgadas,1,Queretaro,Transferencia,App movil,5.0,Computo,4005.45,4005.45,Completado
ORD-11468,2024-03-31 02:07:14,CUST-1236,Impresora Multifuncional,4,Monterrey,Transferencia,Marketplace,5.0,Oficina,2561.05,10244.2,Devuelto
ORD-10400,2024-04-14 02:04:16,CUST-1174,Laptop Gamer X15,5,Puebla,Transferencia,App movil,5.0,Computo,17546.85,87734.25,Completado
ORD-11206,2024-11-16 05:36:48,CUST-1140,"Monitor Curvo 27""",2,Queretaro,Transferencia,App movil,3.0,Computo,6232.29,12464.58,Cancelado
ORD-11891,2024-04-19 14:51:58,CUST-1247,Smartwatch Fit,1,Queretaro,Tarjeta de credito,App movil,5.0,Wearables,2554.54,2554.54,Cancelado
ORD-11895,2024-12-04 23:54:12,CUST-1342,Mouse Inalambrico Pro,5,Monterrey,Tarjeta de debito,Sitio web,5.0,Accesorios,318.76,1593.8,Completado
ORD-11491,2024-12-28 10:38:44,CUST-1139,Cargador USB-C 65W,1,Merida,Tarjeta de debito,App movil,,Accesorios,391.27,391.27,Completado
ORD-11154,2024-04-30 04:29:19,CUST-1347,Cargador USB-C 65W,1,Guadalajara,Tarjeta de debito,App movil,4.0,Accesorios,455.68,455.68,Devuelto
ORD-10351,2024-05-16 19:19:37,CUST-1290,Mouse Inalambrico Pro,3,Guadalajara,Tarjeta de debito,App movil,5.0,Accesorios,316.97,950.91,Completado
ORD-11237,2024-01-07 10:05:03,CUST-1215,Tablet 10 pulgadas,2,Guadalajara,Tarjeta de debito,App movil,5.0,Computo,4338.2,8676.4,Completado
ORD-11275,2024-03-09 11:32:10,CUST-1247,Webcam HD 1080p,3,Tijuana,Tarjeta de debito,App movil,4.0,Accesorios,701.62,2104.86,Devuelto
ORD-10083,2024-05-22 05:14:59,CUST-1172,Silla Ergonomica,3,Puebla,Tarjeta de credito,Sitio web,5.0,Oficina,2894.64,8683.92,Completado
ORD-11041,2024-02-12 23:15:59,CUST-1182,Teclado Mecanico RGB,1,Merida,Tarjeta de debito,App movil,5.0,Accesorios,1243.93,1243.93,Completado
ORD-11308,2024-10-24 15:35:25,CUST-1291,Audifonos Bluetooth,4,,Tarjeta de credito,App movil,3.0,Accesorios,919.82,3679.28,Completado
ORD-11831,2024-01-27 14:43:09,CUST-1298,Laptop Gamer X15,3,queretaro,Tarjeta de debito,Sitio web,5.0,Computo,15938.08,47814.24,Completado
ORD-11882,2024-09-14 06:18:59,CUST-1387,Smartwatch Fit,1,Puebla,Efectivo contra entrega,Marketplace,5.0,Wearables,2515.21,2515.21,Completado
ORD-11177,2024-07-27 08:22:26,CUST-1207,Laptop Ultrabook Air,2,Ciudad de Mexico,Tarjeta de debito,App movil,5.0,Computo,15658.54,31317.08,Cancelado
ORD-10148,2024-05-01 02:55:16,CUST-1066,Mouse Inalambrico Pro,2,Monterrey,Tarjeta de credito,App movil,4.0,Accesorios,326.23,652.46,Completado
ORD-11547,2024-10-21 09:50:59,CUST-1183,Impresora Multifuncional,4,,Tarjeta de debito,Sitio web,4.0,Oficina,2648.43,10593.72,Cancelado
ORD-10730,2024-02-20 20:52:03,CUST-1011,Cargador USB-C 65W,3,Puebla,PayPal,Marketplace,5.0,Accesorios,469.42,1408.26,Completado
ORD-11606,2024-05-11 16:46:26,CUST-1234,Mouse Inalambrico Pro,1,Puebla,Tarjeta de credito,App movil,5.0,Accesorios,321.27,321.27,Completado
ORD-10604,2024-10-28 22:23:15,CUST-1372,Smartwatch Fit,1,Monterrey,Tarjeta de credito,App movil,5.0,Wearables,2259.92,2259.92,Completado
ORD-10360,2024-07-14 15:01:32,CUST-1191,Cargador USB-C 65W,1,Guadalajara,Tarjeta de debito,App movil,4.0,Accesorios,393.76,393.76,Completado
ORD-11609,2024-01-10 08:21:11,CUST-1290,Mouse Inalambrico Pro,4,Puebla,Transferencia,Sitio web,4.0,Accesorios,339.91,1359.64,Completado
ORD-11110,2024-05-29 06:47:50,CUST-1157,Webcam HD 1080p,3,Ciudad de Mexico,Tarjeta de credito,App movil,2.0,Accesorios,672.96,2018.88,Completado
ORD-11846,2024-05-26 20:43:50,CUST-1203,Webcam HD 1080p,2,Queretaro,Tarjeta de credito,App movil,,Accesorios,686.13,1372.26,Devuelto
ORD-11969,2024-06-26 05:15:25,CUST-1051,Bocina Portatil,2,Monterrey,PayPal,App movil,5.0,Accesorios,851.95,1703.9,Cancelado
ORD-11077,2024-01-04 05:32:55,CUST-1001,Webcam HD 1080p,2,,PayPal,App movil,5.0,Accesorios,701.65,1403.3,Cancelado
ORD-11802,2024-06-04 17:18:10,CUST-1312,Laptop Gamer X15,1,Merida,Tarjeta de debito,App movil,5.0,Computo,16792.79,16792.79,Completado
ORD-10821,2024-10-25 14:13:30,CUST-1012,Mouse Inalambrico Pro,2,Puebla,Transferencia,App movil,5.0,Accesorios,359.52,719.04,Devuelto
ORD-11437,2024-03-09 13:13:25,CUST-1259,Laptop Gamer X15,2,Monterrey,Tarjeta de debito,App movil,4.0,Computo,17377.85,34755.7,Devuelto
ORD-10531,2024-01-28 02:23:18,CUST-1187,Tablet 10 pulgadas,1,Guadalajara,Transferencia,Sitio web,4.0,Computo,3848.21,3848.21,Completado
ORD-11371,2024-10-02 13:09:08,CUST-1389,Teclado Mecanico RGB,2,Merida,Tarjeta de credito,App movil,5.0,Accesorios,1196.24,2392.48,Completado
ORD-11641,2024-12-25 01:07:26,CUST-1066,Disco SSD 1TB,3,Monterrey,Tarjeta de credito,App movil,,Almacenamiento,1496.58,4489.74,Completado
ORD-10177,2024-12-07 09:43:33,CUST-1164,Mouse Inalambrico Pro,4,Puebla,Transferencia,App movil,5.0,Accesorios,345.22,1380.88,Cancelado
ORD-11422,2024-02-16 01:41:12,CUST-1059,Laptop Ultrabook Air,1,Guadalajara,Efectivo contra entrega,App movil,1.0,Computo,15786.42,15786.42,Completado
ORD-11561,2024-11-15 10:52:59,CUST-1182,Teclado Mecanico RGB,2,Ciudad de Mexico,Transferencia,Marketplace,2.0,Accesorios,1213.38,2426.76,Completado
ORD-10282,2024-11-06 20:33:02,CUST-1019,Bocina Portatil,1,Puebla,Tarjeta de credito,Marketplace,4.0,Accesorios,780.51,780.51,Completado
ORD-10371,2024-06-13 11:03:23,CUST-1026,Teclado Mecanico RGB,2,Monterrey,Transferencia,App movil,5.0,Accesorios,1174.11,2348.22,Completado
ORD-10739,2024-08-26 19:33:02,CUST-1267,Disco SSD 1TB,2,Merida,PayPal,App movil,,Almacenamiento,1496.48,2992.96,Completado
ORD-10346,2024-02-13 07:43:33,CUST-1333,Laptop Gamer X15,4,Monterrey,Tarjeta de debito,App movil,5.0,Computo,18952.28,75809.12,Completado
ORD-10128,2024-02-19 22:26:46,CUST-1114,Teclado Mecanico RGB,2,Puebla,Transferencia,App movil,4.0,Accesorios,1040.73,2081.46,Completado
ORD-11473,2024-11-13 03:10:42,CUST-1257,Silla Ergonomica,2,Tijuana,Efectivo contra entrega,Marketplace,3.0,Oficina,3184.02,6368.04,Devuelto
ORD-10354,2024-03-25 21:20:57,CUST-1279,Impresora Multifuncional,1,Tijuana,Tarjeta de credito,App movil,4.0,Oficina,2801.25,2801.25,Cancelado
ORD-10331,2024-06-01 06:12:29,CUST-1392,Webcam HD 1080p,1,Merida,Tarjeta de debito,Sitio web,4.0,Accesorios,713.81,713.81,Completado
ORD-10194,2024-09-11 15:52:25,CUST-1156,Smartwatch Fit,1,Guadalajara,Efectivo contra entrega,App movil,4.0,Wearables,2265.34,2265.34,Completado
ORD-10086,2024-11-05 22:37:05,CUST-1091,Teclado Mecanico RGB,4,Guadalajara,Tarjeta de credito,Sitio web,4.0,Accesorios,1104.89,4419.56,Completado
ORD-10731,2024-05-22 02:06:36,CUST-1346,Teclado Mecanico RGB,2,Guadalajara,Tarjeta de credito,Marketplace,5.0,Accesorios,1181.95,2363.9,Completado
ORD-11050,2024-09-21 14:14:49,CUST-1075,"Monitor Curvo 27""",1,Monterrey,Tarjeta de credito,Marketplace,3.0,Computo,6774.09,6774.09,Completado
ORD-11141,2024-08-09 18:59:31,CUST-1096,Mouse Inalambrico Pro,1,Tijuana,Tarjeta de credito,App movil,4.0,Accesorios,329.28,329.28,Completado
ORD-11431,2024-08-06 05:55:42,CUST-1188,Cargador USB-C 65W,2,Ciudad de Mexico,Tarjeta de debito,App movil,1.0,Accesorios,448.52,897.04,Devuelto
ORD-10063,2024-05-03 15:05:12,CUST-1225,Mouse Inalambrico Pro,1,Guadalajara,Tarjeta de credito,App movil,5.0,Accesorios,364.92,364.92,Completado
ORD-10784,2024-10-28 06:44:31,CUST-1002,Laptop Gamer X15,2,Puebla,Transferencia,Sitio web,5.0,Computo,17433.69,34867.38,Completado
ORD-11799,2024-08-10 16:03:25,CUST-1214,Cargador USB-C 65W,2,,Tarjeta de credito,Sitio web,4.0,Accesorios,411.61,823.22,Cancelado
ORD-10104,2024-05-29 11:13:53,CUST-1082,Router WiFi 6,2,Queretaro,Tarjeta de debito,Sitio web,5.0,Redes,1888.09,3776.18,Completado
ORD-10877,2024-11-29 16:37:29,CUST-1218,Router WiFi 6,4,Puebla,PayPal,Marketplace,5.0,Redes,1607.08,6428.32,Completado
ORD-10411,2024-01-01 12:07:23,CUST-1340,Tablet 10 pulgadas,5,Ciudad de Mexico,Tarjeta de credito,Sitio web,,Computo,4438.55,22192.75,Cancelado
ORD-10334,2024-08-14 15:32:06,CUST-1250,Laptop Gamer X15,1,Tijuana,Tarjeta de debito,Marketplace,5.0,Computo,17855.41,17855.41,Completado
ORD-10569,2024-03-20 16:20:21,CUST-1170,Mouse Inalambrico Pro,1,Ciudad de Mexico,Tarjeta de debito,App movil,4.0,Accesorios,323.03,323.03,Completado
ORD-11700,2024-04-22 16:03:58,CUST-1337,Audifonos Bluetooth,1,Monterrey,Tarjeta de debito,App movil,3.0,Accesorios,844.18,844.18,Completado
ORD-11172,2024-07-01 17:30:29,CUST-1251,Cargador USB-C 65W,4,Puebla,Tarjeta de debito,App movil,5.0,Accesorios,432.42,1729.68,Completado
ORD-11220,2024-11-14 23:50:34,CUST-1238,"Monitor Curvo 27""",4,Queretaro,Transferencia,App movil,,Computo,6995.83,27983.32,Completado
ORD-11809,2024-05-16 21:48:13,CUST-1202,Laptop Gamer X15,2,Queretaro,Efectivo contra entrega,App movil,2.0,Computo,19076.39,38152.78,Devuelto
ORD-10967,2024-07-27 00:57:41,CUST-1129,Mouse Inalambrico Pro,1,Merida,Tarjeta de credito,App movil,5.0,Accesorios,329.14,329.14,Cancelado
ORD-11277,2024-11-18 01:52:41,CUST-1040,Laptop Ultrabook Air,1,Ciudad de Mexico,Tarjeta de credito,App movil,5.0,Computo,13287.33,13287.33,Completado
ORD-10563,2024-09-05 05:59:08,CUST-1197,Laptop Gamer X15,2,Merida,Tarjeta de credito,App movil,4.0,Computo,18426.32,36852.64,Completado
ORD-10965,2024-07-15 15:21:18,CUST-1100,Teclado Mecanico RGB,4,Ciudad de Mexico,Tarjeta de credito,App movil,,Accesorios,1021.84,4087.36,Devuelto
ORD-11617,2024-09-05 00:56:35,CUST-1057,Cargador USB-C 65W,5,Ciudad de Mexico,Tarjeta de debito,Marketplace,5.0,Accesorios,423.76,2118.8,Completado
ORD-11648,2024-07-18 02:48:01,CUST-1157,Router WiFi 6,2,Tijuana,Tarjeta de debito,Sitio web,5.0,Redes,1886.54,3773.08,Completado
ORD-10716,2024-09-22 22:22:26,CUST-1012,Silla Ergonomica,1,Puebla,Tarjeta de credito,App movil,5.0,Oficina,3084.94,3084.94,Completado
ORD-11559,2024-07-12 10:15:35,CUST-1392,Audifonos Bluetooth,1,Guadalajara,PayPal,App movil,5.0,Accesorios,906.49,906.49,Cancelado
ORD-10461,2024-10-11 08:19:25,CUST-1238,Smartwatch Fit,2,Queretaro,PayPal,Sitio web,3.0,Wearables,2566.67,5133.34,Cancelado
ORD-10556,2024-08-09 12:49:42,CUST-1313,Smartwatch Fit,2,Ciudad de Mexico,Tarjeta de debito,Sitio web,5.0,Wearables,2668.86,5337.72,Completado
ORD-10202,2024-07-29 20:59:55,CUST-1197,Silla Ergonomica,1,tijuana,Tarjeta de debito,Sitio web,5.0,Oficina,3106.95,3106.95,Devuelto
ORD-11207,2024-05-16 20:43:55,CUST-1312,Silla Ergonomica,2,Guadalajara,Tarjeta de credito,Sitio web,,Oficina,3081.34,6162.68,Completado
ORD-10424,2024-03-25 04:47:38,CUST-1279,Laptop Ultrabook Air,1,Tijuana,Tarjeta de credito,Sitio web,3.0,Computo,13718.56,13718.56,Completado
ORD-11783,2024-04-26 14:59:44,CUST-1245,Cargador USB-C 65W,1,Tijuana,Tarjeta de credito,App movil,5.0,Accesorios,391.25,391.25,Completado
ORD-10192,2024-09-04 17:56:13,CUST-1255,Silla Ergonomica,1,Queretaro,Tarjeta de credito,Sitio web,1.0,Oficina,3120.8,3120.8,Completado
ORD-11518,2024-04-30 13:54:22,CUST-1332,Bocina Portatil,1,Tijuana,Tarjeta de credito,Sitio web,4.0,Accesorios,911.62,911.62,Completado
ORD-10066,2024-08-17 15:54:04,CUST-1057,Impresora Multifuncional,1,Monterrey,Transferencia,App movil,4.0,Oficina,2564.39,2564.39,Completado
ORD-10519,2024-10-07 03:38:43,CUST-1269,Webcam HD 1080p,2,Puebla,PayPal,App movil,3.0,Accesorios,730.57,1461.14,Completado
ORD-11123,2024-07-24 10:52:32,CUST-1339,Mouse Inalambrico Pro,3,Merida,Tarjeta de debito,App movil,5.0,Accesorios,355.78,1067.34,Completado
ORD-10384,2024-10-20 03:43:17,CUST-1138,Silla Ergonomica,3,Guadalajara,Tarjeta de credito,Marketplace,5.0,Oficina,2913.48,8740.44,Completado
ORD-10558,2024-04-11 18:59:20,CUST-1106,Webcam HD 1080p,5,Monterrey,Transferencia,App movil,5.0,Accesorios,715.82,3579.1,Completado
ORD-11515,2024-07-17 18:21:34,CUST-1220,Tablet 10 pulgadas,5,Queretaro,Tarjeta de credito,App movil,4.0,Computo,3990.35,19951.75,Cancelado
ORD-11993,2024-04-21 03:39:46,CUST-1198,Disco SSD 1TB,1,Monterrey,Tarjeta de debito,App movil,4.0,Almacenamiento,1308.3,1308.3,Completado
ORD-11331,2024-12-04 21:32:05,CUST-1295,Impresora Multifuncional,1,Queretaro,Tarjeta de credito,App movil,5.0,Oficina,2794.9,2794.9,Completado
ORD-10425,2024-03-20 17:19:47,CUST-1041,Audifonos Bluetooth,1,Ciudad de Mexico,Tarjeta de debito,App movil,5.0,Accesorios,819.76,819.76,Cancelado
ORD-10754,2024-02-15 21:35:16,CUST-1177,Audifonos Bluetooth,1,Tijuana,Efectivo contra entrega,Marketplace,5.0,Accesorios,966.15,966.15,Cancelado
ORD-11512,2024-08-14 16:20:14,CUST-1221,Audifonos Bluetooth,4,queretaro,Tarjeta de credito,App movil,4.0,Accesorios,859.54,3438.16,Cancelado
ORD-11197,2024-09-28 01:42:50,CUST-1144,Disco SSD 1TB,1,Guadalajara,Tarjeta de credito,Marketplace,,Almacenamiento,1391.99,1391.99,Completado
ORD-10595,2024-08-05 22:32:48,CUST-1299,Laptop Gamer X15,1,Merida,Tarjeta de debito,Marketplace,3.0,Computo,18355.27,18355.27,Completado
ORD-10434,2024-06-22 21:15:32,CUST-1062,"Monitor Curvo 27""",3,Ciudad de Mexico,PayPal,App movil,5.0,Computo,6025.72,18077.16,Completado
ORD-11853,2024-11-22 04:19:44,CUST-1301,Audifonos Bluetooth,3,tijuana,PayPal,Sitio web,2.0,Accesorios,807.74,2423.22,Completado
ORD-11347,2024-04-03 06:14:23,CUST-1242,Router WiFi 6,5,Tijuana,Tarjeta de debito,Sitio web,4.0,Redes,1629.92,8149.6,Completado
ORD-11204,2024-02-08 19:24:26,CUST-1351,Bocina Portatil,3,Monterrey,Transferencia,App movil,4.0,Accesorios,798.72,2396.16,Completado
ORD-10339,2024-12-03 12:46:02,CUST-1049,"Monitor Curvo 27""",1,Merida,Tarjeta de debito,Sitio web,3.0,Computo,6539.99,6539.99,Completado
ORD-10497,2024-04-22 12:04:35,CUST-1070,Bocina Portatil,1,Monterrey,Efectivo contra entrega,App movil,5.0,Accesorios,902.85,902.85,Completado
ORD-10564,2024-08-19 12:52:00,CUST-1199,"Monitor Curvo 27""",1,Merida,PayPal,App movil,5.0,Computo,7036.31,7036.31,Completado
ORD-11024,2024-01-09 23:27:12,CUST-1274,"Monitor Curvo 27""",1,Merida,Tarjeta de credito,App movil,5.0,Computo,5809.38,5809.38,Completado
ORD-10771,2024-08-29 23:04:39,CUST-1339,Mouse Inalambrico Pro,1,Ciudad de Mexico,Tarjeta de credito,App movil,5.0,Accesorios,302.39,302.39,Completado
ORD-10162,2024-04-27 22:07:32,CUST-1330,Mouse Inalambrico Pro,2,Queretaro,Transferencia,Marketplace,5.0,Accesorios,361.91,723.82,Cancelado
ORD-10920,2024-08-22 19:33:34,CUST-1272,"Monitor Curvo 27""",3,Monterrey,Tarjeta de debito,Marketplace,3.0,Computo,6425.87,19277.61,Completado
ORD-11625,2024-04-08 07:36:12,CUST-1057,Teclado Mecanico RGB,3,Puebla,Tarjeta de credito,Sitio web,4.0,Accesorios,1027.87,3083.61,Cancelado
ORD-10025,2024-06-01 07:28:57,CUST-1295,Laptop Ultrabook Air,1,Merida,Tarjeta de credito,Sitio web,5.0,Computo,13244.25,13244.25,Completado
ORD-11168,2024-08-02 20:02:50,CUST-1201,Router WiFi 6,1,queretaro,Tarjeta de credito,App movil,,Redes,1766.42,1766.42,Completado
ORD-10881,2024-02-01 17:23:57,CUST-1318,Mouse Inalambrico Pro,3,Ciudad de Mexico,Tarjeta de credito,Sitio web,5.0,Accesorios,323.11,969.33,Devuelto
ORD-11499,2024-02-09 10:25:48,CUST-1383,Tablet 10 pulgadas,3,Monterrey,PayPal,Sitio web,4.0,Computo,4677.27,14031.81,Cancelado
ORD-10245,2024-03-02 05:08:00,CUST-1180,Impresora Multifuncional,4,Tijuana,Transferencia,Sitio web,,Oficina,2450.54,9802.16,Cancelado
ORD-11457,2024-12-20 09:46:55,CUST-1195,Webcam HD 1080p,1,Guadalajara,Tarjeta de debito,Sitio web,4.0,Accesorios,664.41,664.41,Completado
ORD-10184,2024-09-12 09:55:15,CUST-1382,Bocina Portatil,5,Puebla,Efectivo contra entrega,App movil,1.0,Accesorios,815.52,4077.6,Completado
ORD-10253,2024-06-29 10:22:11,CUST-1256,Bocina Portatil,2,Puebla,Tarjeta de debito,App movil,5.0,Accesorios,813.81,1627.62,Cancelado
ORD-11659,2024-12-29 16:58:32,CUST-1169,Smartwatch Fit,3,Ciudad de Mexico,Tarjeta de credito,Sitio web,4.0,Wearables,2558.25,7674.75,Completado
ORD-10225,2024-11-10 05:05:06,CUST-1135,Silla Ergonomica,2,Merida,Tarjeta de credito,Sitio web,5.0,Oficina,2969.41,5938.82,Completado
ORD-11097,2024-10-13 08:50:48,CUST-1366,Teclado Mecanico RGB,1,merida,Tarjeta de credito,Sitio web,4.0,Accesorios,1232.63,1232.63,Completado
ORD-11116,2024-05-01 20:47:46,CUST-1082,Laptop Gamer X15,1,Puebla,PayPal,App movil,4.0,Computo,18057.09,18057.09,Completado
ORD-11531,2024-10-01 07:08:51,CUST-1062,Laptop Ultrabook Air,1,Guadalajara,Tarjeta de debito,Sitio web,5.0,Computo,15587.09,15587.09,Completado
ORD-10828,2024-08-26 11:15:30,CUST-1333,Bocina Portatil,1,Monterrey,Efectivo contra entrega,Sitio web,4.0,Accesorios,810.03,810.03,Completado
ORD-10925,2024-10-14 17:02:36,CUST-1261,Audifonos Bluetooth,4,Merida,PayPal,App movil,5.0,Accesorios,937.8,3751.2,Cancelado
ORD-11517,2024-03-14 21:11:09,CUST-1120,Teclado Mecanico RGB,2,Puebla,Tarjeta de debito,Marketplace,1.0,Accesorios,1167.41,2334.82,Completado
ORD-10388,2024-08-04 06:39:15,CUST-1029,Tablet 10 pulgadas,4,Tijuana,Tarjeta de debito,App movil,4.0,Computo,4166.43,16665.72,Completado
ORD-10386,2024-12-09 09:03:42,CUST-1132,Laptop Gamer X15,3,Queretaro,PayPal,Sitio web,4.0,Computo,19197.11,57591.33,Completado
ORD-10181,2024-02-18 06:51:13,CUST-1016,Impresora Multifuncional,2,Ciudad de Mexico,PayPal,Sitio web,4.0,Oficina,2633.96,5267.92,Completado
ORD-10913,2024-03-29 08:12:13,CUST-1376,Bocina Portatil,1,Merida,Tarjeta de debito,Marketplace,3.0,Accesorios,891.14,891.14,Completado
ORD-11911,2024-09-03 18:39:04,CUST-1013,Audifonos Bluetooth,2,Guadalajara,Tarjeta de debito,Sitio web,1.0,Accesorios,991.7,1983.4,Devuelto
ORD-10835,2024-06-07 17:03:14,CUST-1031,Audifonos Bluetooth,5,monterrey,Tarjeta de debito,App movil,5.0,Accesorios,993.87,4969.35,Completado
ORD-11503,2024-04-28 00:32:31,CUST-1006,"Monitor Curvo 27""",2,Puebla,PayPal,Marketplace,4.0,Computo,6661.85,13323.7,Completado
ORD-10092,2024-09-07 13:17:29,CUST-1283,Tablet 10 pulgadas,2,Tijuana,Efectivo contra entrega,Sitio web,5.0,Computo,4406.92,8813.84,Completado
ORD-10940,2024-03-02 18:11:52,CUST-1252,Laptop Gamer X15,5,Monterrey,Transferencia,App movil,4.0,Computo,16666.71,83333.55,Cancelado
ORD-11562,2024-10-03 06:25:42,CUST-1094,Cargador USB-C 65W,1,Monterrey,Tarjeta de credito,App movil,4.0,Accesorios,454.55,454.55,Devuelto
ORD-10419,2024-05-30 17:45:16,CUST-1265,Laptop Gamer X15,2,Monterrey,Tarjeta de debito,App movil,5.0,Computo,16650.16,33300.32,Completado
ORD-11791,2024-11-14 02:46:38,CUST-1242,Laptop Ultrabook Air,4,Tijuana,Tarjeta de debito,Marketplace,3.0,Computo,15769.14,63076.56,Completado
ORD-10584,2024-02-25 23:59:58,CUST-1199,Teclado Mecanico RGB,4,Ciudad de Mexico,Tarjeta de debito,App movil,3.0,Accesorios,1125.53,4502.12,Cancelado
ORD-10926,2024-01-09 15:33:33,CUST-1279,Laptop Ultrabook Air,3,,Tarjeta de debito,Sitio web,5.0,Computo,15772.33,47316.99,Completado
ORD-11960,2024-10-26 05:18:56,CUST-1032,Cargador USB-C 65W,3,Tijuana,Tarjeta de credito,Sitio web,,Accesorios,421.42,1264.26,Devuelto
ORD-10294,2024-02-07 16:33:23,CUST-1296,Mouse Inalambrico Pro,1,Guadalajara,Transferencia,App movil,4.0,Accesorios,357.39,357.39,Completado
ORD-11201,2024-10-08 02:53:40,CUST-1001,Bocina Portatil,2,Guadalajara,Tarjeta de credito,Sitio web,,Accesorios,804.2,1608.4,Completado
ORD-10730,2024-02-20 20:52:03,CUST-1011,Cargador USB-C 65W,3,Puebla,PayPal,Marketplace,5.0,Accesorios,469.42,1408.26,Completado
ORD-10572,2024-02-14 17:57:20,CUST-1393,Webcam HD 1080p,1,Merida,Efectivo contra entrega,Sitio web,4.0,Accesorios,672.56,672.56,Completado
ORD-11179,2024-11-29 20:15:46,CUST-1216,Cargador USB-C 65W,1,Queretaro,Tarjeta de credito,Sitio web,5.0,Accesorios,393.19,393.19,Cancelado
ORD-11462,2024-10-03 15:15:53,CUST-1108,Laptop Gamer X15,1,Puebla,PayPal,Marketplace,1.0,Computo,18215.72,18215.72,Completado
ORD-11839,2024-02-11 05:32:53,CUST-1225,Mouse Inalambrico Pro,1,Ciudad de Mexico,PayPal,Sitio web,3.0,Accesorios,344.26,344.26,Completado
ORD-10277,2024-09-03 06:28:02,CUST-1385,Impresora Multifuncional,1,Puebla,Tarjeta de debito,Sitio web,4.0,Oficina,2698.0,2698.0,Devuelto
ORD-10921,2024-10-31 09:17:36,CUST-1356,Impresora Multifuncional,1,Tijuana,Tarjeta de debito,App movil,3.0,Oficina,2809.35,2809.35,Completado
ORD-10550,2024-11-02 15:52:51,CUST-1142,Tablet 10 pulgadas,2,Tijuana,PayPal,Marketplace,5.0,Computo,4024.51,8049.02,Completado
ORD-10662,2024-08-06 21:42:59,CUST-1066,Bocina Portatil,1,Queretaro,Tarjeta de debito,App movil,5.0,Accesorios,772.01,772.01,Completado
ORD-10971,2024-07-19 15:54:52,CUST-1302,Router WiFi 6,1,Tijuana,Efectivo contra entrega,App movil,5.0,Redes,1531.16,1531.16,Cancelado
ORD-10776,2024-05-09 04:16:05,CUST-1163,Teclado Mecanico RGB,2,Ciudad de Mexico,PayPal,App movil,4.0,Accesorios,1220.61,2441.22,Completado
ORD-11631,2024-12-14 01:54:18,CUST-1245,Cargador USB-C 65W,3,Guadalajara,PayPal,Sitio web,5.0,Accesorios,404.62,1213.86,Completado
ORD-10291,2024-10-22 15:13:56,CUST-1297,Audifonos Bluetooth,1,Ciudad de Mexico,Efectivo contra entrega,Sitio web,5.0,Accesorios,812.67,812.67,Completado
ORD-11496,2024-09-16 17:58:15,CUST-1361,Disco SSD 1TB,5,Merida,PayPal,App movil,4.0,Almacenamiento,1404.82,7024.1,Completado
ORD-10976,2024-05-11 02:12:50,CUST-1036,Silla Ergonomica,1,Queretaro,Tarjeta de credito,Sitio web,4.0,Oficina,2981.72,2981.72,Completado
ORD-10825,2024-11-10 19:40:58,CUST-1201,Impresora Multifuncional,4,Monterrey,Tarjeta de debito,App movil,4.0,Oficina,2866.02,11464.08,Cancelado
ORD-11411,2024-07-27 20:28:30,CUST-1300,Laptop Gamer X15,4,Guadalajara,Tarjeta de credito,Marketplace,1.0,Computo,18393.64,73574.56,Completado
ORD-10711,2024-04-30 17:28:56,CUST-1333,Silla Ergonomica,5,Queretaro,Tarjeta de credito,Sitio web,3.0,Oficina,2912.97,14564.85,Completado
ORD-11649,2024-10-24 15:07:54,CUST-1030,Audifonos Bluetooth,1,Ciudad de Mexico,Tarjeta de credito,App movil,5.0,Accesorios,926.85,926.85,Completado
ORD-11420,2024-06-08 19:14:31,CUST-1170,Mouse Inalambrico Pro,2,Ciudad de Mexico,PayPal,App movil,5.0,Accesorios,325.88,651.76,Completado
ORD-10031,2024-11-08 09:02:49,CUST-1115,Mouse Inalambrico Pro,1,Puebla,Tarjeta de debito,Sitio web,2.0,Accesorios,302.35,302.35,Completado
ORD-11889,2024-12-12 13:16:02,CUST-1289,Webcam HD 1080p,2,Queretaro,Transferencia,App movil,4.0,Accesorios,733.19,1466.38,Completado
ORD-11509,2024-10-31 18:53:45,CUST-1273,Cargador USB-C 65W,2,Puebla,PayPal,App movil,5.0,Accesorios,419.1,838.2,Completado
ORD-10172,2024-04-05 15:35:16,CUST-1266,Tablet 10 pulgadas,3,Tijuana,Transferencia,App movil,5.0,Computo,3897.12,11691.36,Completado
ORD-10552,2024-01-18 16:32:15,CUST-1050,Bocina Portatil,5,Puebla,Tarjeta de credito,App movil,3.0,Accesorios,786.81,3934.05,Cancelado
ORD-10607,2024-09-30 20:36:39,CUST-1072,Router WiFi 6,5,Monterrey,Tarjeta de credito,App movil,2.0,Redes,1700.69,8503.45,Completado
ORD-11691,2024-01-18 16:33:03,CUST-1349,Router WiFi 6,1,Puebla,Transferencia,Sitio web,5.0,Redes,1590.05,1590.05,Devuelto
ORD-10597,2024-08-24 10:19:17,CUST-1048,Silla Ergonomica,1,Puebla,Tarjeta de debito,Marketplace,4.0,Oficina,2855.05,2855.05,Cancelado
ORD-11565,2024-04-28 15:24:31,CUST-1009,Router WiFi 6,5,Tijuana,Tarjeta de debito,App movil,4.0,Redes,1707.91,8539.55,Completado
ORD-11573,2024-12-23 02:39:16,CUST-1375,"Monitor Curvo 27""",1,Tijuana,PayPal,Marketplace,3.0,Computo,7028.25,7028.25,Completado
ORD-10952,2024-08-13 08:32:08,CUST-1171,Cargador USB-C 65W,2,Puebla,Tarjeta de credito,App movil,5.0,Accesorios,411.95,823.9,Completado
ORD-10005,2024-04-13 01:04:09,CUST-1361,Smartwatch Fit,1,Ciudad de Mexico,Tarjeta de debito,Marketplace,5.0,Wearables,2629.13,2629.13,Completado
ORD-11832,2024-11-13 01:21:51,CUST-1214,Audifonos Bluetooth,2,Puebla,Tarjeta de debito,Marketplace,,Accesorios,837.49,1674.98,Completado
ORD-10298,2024-09-22 05:50:02,CUST-1152,Teclado Mecanico RGB,2,Puebla,Tarjeta de credito,App movil,3.0,Accesorios,1058.69,2117.38,Cancelado
ORD-11469,2024-10-15 14:09:39,CUST-1100,Tablet 10 pulgadas,1,Ciudad de Mexico,Transferencia,App movil,2.0,Computo,4419.35,4419.35,Completado
ORD-11232,2024-05-12 00:01:16,CUST-1112,Laptop Ultrabook Air,4,Monterrey,Tarjeta de credito,Sitio web,2.0,Computo,13349.18,53396.72,Completado
ORD-11292,2024-05-10 06:35:40,CUST-1216,Audifonos Bluetooth,2,Monterrey,Tarjeta de debito,Sitio web,4.0,Accesorios,819.43,1638.86,Devuelto
ORD-11458,2024-05-06 21:53:14,CUST-1324,Laptop Ultrabook Air,2,merida,Tarjeta de credito,Sitio web,,Computo,13423.49,26846.98,Completado
ORD-10113,2024-10-09 13:39:43,CUST-1279,Tablet 10 pulgadas,5,Guadalajara,Tarjeta de credito,Sitio web,5.0,Computo,3836.24,19181.2,Completado
ORD-11291,2024-05-06 18:22:29,CUST-1146,Webcam HD 1080p,1,Guadalajara,Tarjeta de credito,App movil,5.0,Accesorios,724.57,724.57,Cancelado
ORD-10943,2024-03-21 13:27:10,CUST-1381,Webcam HD 1080p,1,Queretaro,Tarjeta de debito,Sitio web,5.0,Accesorios,696.99,696.99,Completado
ORD-11624,2024-10-01 15:33:44,CUST-1240,Cargador USB-C 65W,1,Ciudad de Mexico,Tarjeta de credito,Sitio web,4.0,Accesorios,426.31,426.31,Completado
ORD-10144,2024-11-08 19:35:40,CUST-1189,Cargador USB-C 65W,1,Guadalajara,Transferencia,Sitio web,2.0,Accesorios,439.45,439.45,Completado
ORD-11478,2024-01-09 21:42:43,CUST-1021,"Monitor Curvo 27""",3,Guadalajara,Tarjeta de debito,App movil,5.0,Computo,6444.37,19333.11,Completado
ORD-11341,2024-05-28 12:14:01,CUST-1235,Audifonos Bluetooth,1,Queretaro,Tarjeta de credito,Marketplace,4.0,Accesorios,894.77,894.77,Completado
ORD-10296,2024-08-29 11:59:22,CUST-1077,Smartwatch Fit,1,Puebla,PayPal,App movil,5.0,Wearables,2709.33,2709.33,Completado
ORD-11395,2024-09-09 03:37:22,CUST-1041,Mouse Inalambrico Pro,4,merida,Tarjeta de credito,App movil,4.0,Accesorios,352.22,1408.88,Completado
ORD-11007,2024-07-27 16:43:32,CUST-1396,Mouse Inalambrico Pro,2,Guadalajara,Tarjeta de debito,App movil,5.0,Accesorios,335.41,670.82,Completado
ORD-10852,2024-12-04 10:41:46,CUST-1136,Cargador USB-C 65W,1,Puebla,Efectivo contra entrega,Sitio web,,Accesorios,426.44,426.44,Devuelto
ORD-11761,2024-03-22 23:14:12,CUST-1157,Tablet 10 pulgadas,5,Tijuana,Tarjeta de debito,Marketplace,5.0,Computo,3988.49,19942.45,Completado
ORD-10962,2024-03-18 13:03:18,CUST-1164,Webcam HD 1080p,4,Ciudad de Mexico,Tarjeta de debito,App movil,3.0,Accesorios,702.98,2811.92,Completado
ORD-11311,2024-01-23 16:56:48,CUST-1203,Webcam HD 1080p,3,Puebla,Tarjeta de credito,Marketplace,5.0,Accesorios,716.53,2149.59,Completado
ORD-11991,2024-11-16 23:31:41,CUST-1256,Smartwatch Fit,2,Tijuana,Tarjeta de credito,Sitio web,3.0,Wearables,2345.36,4690.72,Completado
ORD-11333,2024-11-30 02:42:50,CUST-1106,Laptop Gamer X15,2,Monterrey,Efectivo contra entrega,Marketplace,5.0,Computo,16544.65,33089.3,Completado
ORD-10549,2024-06-04 01:11:28,CUST-1386,Impresora Multifuncional,1,Guadalajara,Tarjeta de credito,Marketplace,5.0,Oficina,2463.6,2463.6,Completado
ORD-11494,2024-06-08 15:43:22,CUST-1273,Smartwatch Fit,1,Guadalajara,Tarjeta de credito,Sitio web,,Wearables,2377.24,2377.24,Completado
ORD-10116,2024-07-09 23:35:54,CUST-1037,Disco SSD 1TB,2,Tijuana,Tarjeta de debito,App movil,4.0,Almacenamiento,1234.08,2468.16,Completado
ORD-11090,2024-12-21 00:39:17,CUST-1186,Smartwatch Fit,3,Queretaro,Tarjeta de debito,Sitio web,5.0,Wearables,2639.24,7917.72,Completado
ORD-10295,2024-12-08 14:16:17,CUST-1308,Impresora Multifuncional,2,Merida,Tarjeta de debito,Sitio web,3.0,Oficina,2553.47,5106.94,Cancelado
ORD-10996,2024-02-01 21:28:03,CUST-1268,Disco SSD 1TB,1,Tijuana,Tarjeta de credito,Sitio web,3.0,Almacenamiento,1382.97,1382.97,Completado
ORD-10783,2024-11-20 10:55:36,CUST-1124,Mouse Inalambrico Pro,1,Ciudad de Mexico,Tarjeta de credito,App movil,4.0,Accesorios,348.22,348.22,Devuelto
ORD-11725,2024-08-14 19:11:18,CUST-1228,Disco SSD 1TB,1,Guadalajara,Tarjeta de credito,App movil,5.0,Almacenamiento,1266.77,1266.77,Completado
ORD-10327,2024-10-01 13:03:39,CUST-1132,Laptop Gamer X15,3,Puebla,Tarjeta de credito,Sitio web,5.0,Computo,18494.7,55484.1,Completado
ORD-11847,2024-04-12 15:30:08,CUST-1347,Teclado Mecanico RGB,2,Puebla,Tarjeta de credito,Sitio web,5.0,Accesorios,1076.91,2153.82,Completado
ORD-11223,2024-12-19 08:21:01,CUST-1024,Smartwatch Fit,2,Tijuana,Tarjeta de credito,App movil,5.0,Wearables,2296.28,4592.56,Completado
ORD-11630,2024-07-05 11:02:18,CUST-1163,Teclado Mecanico RGB,2,Tijuana,Tarjeta de debito,Sitio web,5.0,Accesorios,1225.4,2450.8,Cancelado
ORD-10027,2024-04-22 17:48:56,CUST-1126,Silla Ergonomica,1,Merida,Tarjeta de credito,Sitio web,5.0,Oficina,3056.46,3056.46,Completado
ORD-11652,2024-07-28 16:47:03,CUST-1107,"Monitor Curvo 27""",3,Guadalajara,Efectivo contra entrega,Sitio web,3.0,Computo,6162.02,18486.06,Devuelto
ORD-11434,2024-10-12 21:56:29,CUST-1368,"Monitor Curvo 27""",5,Ciudad de Mexico,Tarjeta de credito,Sitio web,3.0,Computo,5829.28,29146.4,Completado
ORD-10867,2024-05-17 11:25:11,CUST-1365,Router WiFi 6,3,Ciudad de Mexico,Tarjeta de debito,Sitio web,4.0,Redes,1580.15,4740.45,Cancelado
ORD-10443,2024-12-27 05:05:20,CUST-1318,Laptop Ultrabook Air,5,Merida,Tarjeta de debito,App movil,4.0,Computo,13760.76,68803.8,Completado
ORD-10788,2024-03-10 20:00:54,CUST-1156,Bocina Portatil,1,Ciudad de Mexico,PayPal,Sitio web,5.0,Accesorios,923.03,923.03,Completado
ORD-10155,2024-10-26 06:08:54,CUST-1008,"Monitor Curvo 27""",2,Queretaro,PayPal,Sitio web,4.0,Computo,7075.44,14150.88,Completado
ORD-11793,2024-04-05 08:27:45,CUST-1264,Smartwatch Fit,1,,Tarjeta de debito,App movil,5.0,Wearables,2373.23,2373.23,Devuelto
ORD-10405,2024-09-15 09:53:48,CUST-1019,"Monitor Curvo 27""",3,Queretaro,Tarjeta de credito,App movil,3.0,Computo,6308.02,18924.06,Completado
ORD-11752,2024-01-04 23:45:22,CUST-1267,Impresora Multifuncional,1,Monterrey,Tarjeta de credito,Marketplace,4.0,Oficina,2403.18,2403.18,Devuelto
ORD-11151,2024-01-13 06:20:31,CUST-1347,Cargador USB-C 65W,2,Puebla,Tarjeta de debito,App movil,4.0,Accesorios,442.71,885.42,Completado
ORD-10057,2024-03-08 18:55:37,CUST-1350,Webcam HD 1080p,4,Tijuana,Tarjeta de debito,Sitio web,,Accesorios,709.76,2839.04,Completado
ORD-11812,2024-04-04 03:27:25,CUST-1162,Teclado Mecanico RGB,1,Tijuana,PayPal,Sitio web,4.0,Accesorios,1088.22,1088.22,Completado
ORD-10121,2024-04-16 03:38:52,CUST-1194, Webcam HD 1080p  ,3,Queretaro,Efectivo contra entrega,App movil,4.0,Accesorios,725.84,2177.52,Devuelto
ORD-10611,2024-02-17 15:27:55,CUST-1396,"Monitor Curvo 27""",2,Puebla,Tarjeta de credito,App movil,5.0,Computo,6310.39,12620.78,Completado
ORD-11551,2024-07-05 00:51:29,CUST-1076,Laptop Gamer X15,3,guadalajara,Efectivo contra entrega,App movil,4.0,Computo,19073.39,57220.17,Completado
ORD-11718,2024-05-25 03:52:26,CUST-1115,Silla Ergonomica,3,Monterrey,Tarjeta de debito,App movil,4.0,Oficina,3282.13,9846.39,Devuelto
ORD-11611,2024-02-13 11:27:38,CUST-1345,Disco SSD 1TB,4,Guadalajara,PayPal,App movil,,Almacenamiento,1509.78,6039.12,Completado
ORD-10488,2024-05-30 15:00:10,CUST-1124,Cargador USB-C 65W,1,Tijuana,Tarjeta de debito,Sitio web,4.0,Accesorios,424.96,424.96,Completado
ORD-11929,2024-11-10 08:35:23,CUST-1178,Router WiFi 6,2,Tijuana,Tarjeta de credito,Sitio web,5.0,Redes,1759.53,3519.06,Completado
ORD-11764,2024-01-02 12:36:33,CUST-1055,Tablet 10 pulgadas,1,Monterrey,Transferencia,App movil,5.0,Computo,3894.57,3894.57,Completado
ORD-11481,2024-05-11 14:16:40,CUST-1133,Impresora Multifuncional,2,Guadalajara,Tarjeta de debito,App movil,4.0,Oficina,2867.15,5734.3,Cancelado
ORD-11439,2024-12-14 00:35:45,CUST-1242,Cargador USB-C 65W,3,Puebla,Transferencia,Sitio web,5.0,Accesorios,457.25,1371.75,Completado
ORD-10822,2024-11-25 19:14:57,CUST-1095,"Monitor Curvo 27""",1,Queretaro,Transferencia,Sitio web,4.0,Computo,5833.02,5833.02,Completado
ORD-10616,2024-02-02 09:36:43,CUST-1016,Silla Ergonomica,2,Puebla,Efectivo contra entrega,Sitio web,4.0,Oficina,3120.2,6240.4,Completado
ORD-10222,2024-08-11 23:48:01,CUST-1120,Silla Ergonomica,1,Puebla,Tarjeta de credito,Sitio web,5.0,Oficina,2789.7,2789.7,Completado
ORD-11674,2024-09-06 01:23:19,CUST-1257,Silla Ergonomica,1,Puebla,Tarjeta de credito,Marketplace,,Oficina,2809.75,2809.75,Completado
ORD-11355,2024-06-15 19:39:32,CUST-1166,"Monitor Curvo 27""",5,Guadalajara,Tarjeta de credito,Sitio web,4.0,Computo,7026.63,35133.15,Cancelado
ORD-11188,2024-04-16 03:15:50,CUST-1100,Bocina Portatil,5,Queretaro,PayPal,App movil,5.0,Accesorios,763.83,3819.15,Completado
ORD-11443,2024-10-12 02:21:15,CUST-1007,Audifonos Bluetooth,1,Ciudad de Mexico,Transferencia,Marketplace,4.0,Accesorios,969.12,969.12,Completado
ORD-11257,2024-06-04 22:46:04,CUST-1161,Cargador USB-C 65W,1,Guadalajara,Tarjeta de debito,App movil,2.0,Accesorios,449.41,449.41,Devuelto
ORD-11505,2024-02-29 18:16:00,CUST-1227,Laptop Gamer X15,2,Tijuana,Tarjeta de credito,Sitio web,3.0,Computo,15855.21,31710.42,Completado
ORD-10772,2024-08-28 17:31:32,CUST-1287,Router WiFi 6,1,Monterrey,Tarjeta de credito,Marketplace,5.0,Redes,1794.49,1794.49,Completado
ORD-10626,2024-12-07 09:49:30,CUST-1167,Cargador USB-C 65W,1,Queretaro,Tarjeta de debito,App movil,4.0,Accesorios,457.19,457.19,Completado
ORD-10780,2024-11-25 08:36:25,CUST-1277,Webcam HD 1080p,5,Puebla,Tarjeta de credito,App movil,5.0,Accesorios,727.2,3636.0,Completado
ORD-11112,2024-06-11 06:12:11,CUST-1013,Mouse Inalambrico Pro,4,Guadalajara,Tarjeta de debito,App movil,5.0,Accesorios,344.95,1379.8,Completado
ORD-11586,2024-03-02 07:25:54,CUST-1375,Smartwatch Fit,1,Ciudad de Mexico,Tarjeta de debito,App movil,5.0,Wearables,2451.66,2451.66,Completado
ORD-11042,2024-07-14 03:59:55,CUST-1309,Teclado Mecanico RGB,4,Monterrey,Tarjeta de debito,App movil,4.0,Accesorios,1242.65,4970.6,Cancelado
ORD-11300,2024-06-08 05:11:48,CUST-1254,Tablet 10 pulgadas,2,Tijuana,PayPal,Marketplace,3.0,Computo,4341.68,8683.36,Completado
ORD-11288,2024-07-21 04:45:03,CUST-1013,Disco SSD 1TB,3,Ciudad de Mexico,Transferencia,App movil,4.0,Almacenamiento,1240.61,3721.83,Completado
ORD-11466,2024-12-30 14:29:08,CUST-1307,Teclado Mecanico RGB,1,Merida,Efectivo contra entrega,App movil,2.0,Accesorios,1241.04,1241.04,Completado
ORD-10016,2024-03-16 18:02:46,CUST-1384,Silla Ergonomica,-3,Monterrey,Transferencia,App movil,3.0,Oficina,3165.35,-9496.05,Completado
ORD-11134,2024-08-12 14:35:55,CUST-1203,Tablet 10 pulgadas,1,Tijuana,Tarjeta de credito,Sitio web,5.0,Computo,3908.71,3908.71,Devuelto
ORD-11086,2024-11-18 21:13:27,CUST-1135,Laptop Gamer X15,1,Puebla,Transferencia,Sitio web,4.0,Computo,17706.01,17706.01,Completado
ORD-11597,2024-09-01 12:54:48,CUST-1061,Smartwatch Fit,1,Queretaro,Tarjeta de credito,App movil,4.0,Wearables,2439.26,2439.26,Completado
ORD-11667,2024-05-08 10:53:26,CUST-1330,Tablet 10 pulgadas,2,Guadalajara,PayPal,Sitio web,,Computo,4262.53,8525.06,Completado
ORD-10631,2024-12-09 04:05:27,CUST-1380,Disco SSD 1TB,1,Monterrey,Tarjeta de credito,App movil,4.0,Almacenamiento,1423.76,1423.76,Completado
ORD-10422,2024-11-16 15:34:26,CUST-1155,Smartwatch Fit,2,Queretaro,Transferencia,Marketplace,3.0,Wearables,2359.91,4719.82,Completado
ORD-11091,2024-10-01 23:31:47,CUST-1169,Disco SSD 1TB,1,Puebla,Tarjeta de debito,Marketplace,5.0,Almacenamiento,1392.25,1392.25,Completado
ORD-11164,2024-05-03 07:39:26,CUST-1024,Bocina Portatil,5,Queretaro,Tarjeta de credito,App movil,5.0,Accesorios,881.2,4406.0,Completado
ORD-11836,2024-11-17 22:09:03,CUST-1072,Disco SSD 1TB,5,Ciudad de Mexico,Tarjeta de credito,App movil,5.0,Almacenamiento,1293.51,6467.55,Completado
ORD-11566,2024-09-27 09:53:31,CUST-1372,Audifonos Bluetooth,1,,Tarjeta de debito,Sitio web,5.0,Accesorios,895.54,895.54,Completado
ORD-11009,2024-01-22 14:23:38,CUST-1127,"Monitor Curvo 27""",2,Merida,Transferencia,Sitio web,5.0,Computo,6902.14,13804.28,Cancelado
ORD-10315,2024-07-18 09:59:00,CUST-1066,Audifonos Bluetooth,1,Puebla,Tarjeta de debito,App movil,5.0,Accesorios,877.66,877.66,Completado
ORD-10560,2024-08-11 19:07:05,CUST-1275,Cargador USB-C 65W,2,Monterrey,Tarjeta de debito,Marketplace,5.0,Accesorios,413.33,826.66,Completado
ORD-10998,2024-03-27 01:45:46,CUST-1337,Webcam HD 1080p,2,Merida,Tarjeta de credito,App movil,5.0,Accesorios,633.19,1266.38,Cancelado
ORD-11289,2024-07-18 12:57:40,CUST-1287,Webcam HD 1080p,1,Tijuana,PayPal,Sitio web,5.0,Accesorios,717.92,717.92,Cancelado
ORD-10365,2024-11-25 19:10:56,CUST-1249,Impresora Multifuncional,1,Ciudad de Mexico,Tarjeta de debito,App movil,4.0,Oficina,2800.56,2800.56,Completado
ORD-11962,2024-11-29 06:46:19,CUST-1084,Router WiFi 6,3,Ciudad de Mexico,Tarjeta de credito,Sitio web,5.0,Redes,1574.64,4723.92,Completado
ORD-10376,2024-05-11 07:09:59,CUST-1000,"Monitor Curvo 27""",5,Monterrey,Tarjeta de debito,Sitio web,,Computo,6963.79,34818.95,Completado
ORD-11608,2024-08-24 16:25:47,CUST-1192,Mouse Inalambrico Pro,1,Puebla,Tarjeta de credito,App movil,4.0,Accesorios,338.67,338.67,Completado
ORD-11480,2024-01-20 09:13:42,CUST-1218,Bocina Portatil,1,Puebla,Transferencia,Sitio web,3.0,Accesorios,776.92,776.92,Completado
ORD-10663,2024-08-09 19:34:42,CUST-1263,Laptop Gamer X15,2,Tijuana,Tarjeta de credito,Marketplace,5.0,Computo,18688.62,37377.24,Completado
ORD-10377,2024-06-14 03:33:14,CUST-1067,Mouse Inalambrico Pro,1,Tijuana,Tarjeta de debito,App movil,4.0,Accesorios,302.94,302.94,Cancelado
ORD-10372,2024-12-08 12:55:05,CUST-1168,Laptop Gamer X15,3,Monterrey,Tarjeta de credito,App movil,1.0,Computo,16324.4,48973.2,Completado
ORD-11933,2024-06-15 22:31:51,CUST-1212,Cargador USB-C 65W,2,Monterrey,Transferencia,App movil,5.0,Accesorios,416.19,832.38,Completado
ORD-11068,2024-05-18 14:31:29,CUST-1008,Impresora Multifuncional,1,Ciudad de Mexico,Tarjeta de debito,Sitio web,5.0,Oficina,2563.65,2563.65,Completado
ORD-11769,2024-08-15 01:36:12,CUST-1306,Silla Ergonomica,4,Puebla,Tarjeta de credito,App movil,1.0,Oficina,2738.11,10952.44,Completado
ORD-11118,2024-09-30 02:23:05,CUST-1194,Bocina Portatil,2,Guadalajara,Tarjeta de debito,Sitio web,4.0,Accesorios,836.95,1673.9,Completado
ORD-10677,2024-07-13 08:15:19,CUST-1156,Bocina Portatil,2,Queretaro,Efectivo contra entrega,App movil,4.0,Accesorios,894.01,1788.02,Devuelto
ORD-11575,2024-04-24 15:54:49,CUST-1260,Tablet 10 pulgadas,1,Merida,Tarjeta de debito,Sitio web,4.0,Computo,4288.42,4288.42,Completado
ORD-10973,2024-12-20 11:54:54,CUST-1153,Impresora Multifuncional,2,Queretaro,Tarjeta de credito,App movil,5.0,Oficina,2731.4,5462.8,Completado
ORD-11707,2024-11-09 05:34:21,CUST-1369,Mouse Inalambrico Pro,5,Tijuana,Tarjeta de debito,Sitio web,2.0,Accesorios,362.61,1813.05,Cancelado
ORD-10714,2024-02-01 10:59:50,CUST-1353,Cargador USB-C 65W,1,Monterrey,Transferencia,Sitio web,4.0,Accesorios,445.52,445.52,Completado
ORD-10079,2024-08-21 05:40:24,CUST-1177,"Monitor Curvo 27""",1,puebla,Tarjeta de credito,Sitio web,5.0,Computo,6939.72,6939.72,Completado
ORD-11145,2024-02-09 06:53:11,CUST-1388,Disco SSD 1TB,2,Monterrey,Tarjeta de debito,App movil,2.0,Almacenamiento,1353.93,2707.86,Completado
ORD-10864,2024-03-14 22:00:41,CUST-1327,Silla Ergonomica,4,Tijuana,PayPal,App movil,4.0,Oficina,3292.19,13168.76,Cancelado
ORD-11765,2024-08-31 13:17:31,CUST-1164,Cargador USB-C 65W,1,Monterrey,Tarjeta de debito,Marketplace,4.0,Accesorios,452.85,452.85,Cancelado
ORD-10568,2024-04-30 07:14:49,CUST-1085,Disco SSD 1TB,3,Monterrey,Tarjeta de debito,Sitio web,5.0,Almacenamiento,1425.38,4276.14,Completado
ORD-11542,2024-03-06 14:40:55,CUST-1087,Silla Ergonomica,4,Monterrey,Tarjeta de credito,App movil,4.0,Oficina,2829.77,11319.08,Completado
ORD-10426,2024-01-01 00:42:56,CUST-1000,Router WiFi 6,2,Monterrey,Transferencia,Sitio web,5.0,Redes,1821.85,3643.7,Completado
ORD-10013,2024-06-16 02:57:51,CUST-1119,Webcam HD 1080p,1,Tijuana,Tarjeta de debito,Sitio web,5.0,Accesorios,657.23,657.23,Completado
ORD-11399,2024-08-04 10:33:40,CUST-1157,Bocina Portatil,1,Queretaro,Tarjeta de credito,Marketplace,3.0,Accesorios,866.77,866.77,Devuelto
ORD-11256,2024-05-11 14:12:11,CUST-1192,"Monitor Curvo 27""",1,Guadalajara,PayPal,App movil,4.0,Computo,6956.46,6956.46,Devuelto
ORD-10449,2024-05-25 13:19:39,CUST-1117,Teclado Mecanico RGB,1,Monterrey,PayPal,Marketplace,5.0,Accesorios,1040.33,1040.33,Completado
ORD-10375,2024-12-01 10:01:20,CUST-1030,Webcam HD 1080p,3,Queretaro,Tarjeta de credito,App movil,4.0,Accesorios,656.2,1968.6,Completado
ORD-11085,2024-12-13 07:13:09,CUST-1038,Webcam HD 1080p,3,Guadalajara,Transferencia,Sitio web,4.0,Accesorios,705.94,2117.82,Cancelado
ORD-10124,2024-08-22 14:30:33,CUST-1270,Laptop Ultrabook Air,1,Guadalajara,Tarjeta de credito,Sitio web,4.0,Computo,15366.77,15366.77,Completado
ORD-11002,2024-04-04 05:58:16,CUST-1233,Router WiFi 6,1,Tijuana,Tarjeta de debito,Sitio web,4.0,Redes,1679.1,1679.1,Completado
ORD-11918,2024-02-26 12:26:39,CUST-1043,Laptop Gamer X15,4,Ciudad de Mexico,Tarjeta de credito,Sitio web,5.0,Computo,18412.86,73651.44,Completado
ORD-11250,2024-09-02 20:04:13,CUST-1326,Cargador USB-C 65W,1,Ciudad de Mexico,Tarjeta de debito,App movil,5.0,Accesorios,440.36,440.36,Completado
ORD-10615,2024-03-06 12:46:40,CUST-1302,Bocina Portatil,3,Ciudad de Mexico,Efectivo contra entrega,Marketplace,4.0,Accesorios,872.44,2617.32,Devuelto
ORD-11902,2024-11-29 01:34:59,CUST-1386,Teclado Mecanico RGB,1,Merida,Tarjeta de credito,Sitio web,5.0,Accesorios,1108.19,1108.19,Completado
ORD-11935,2024-08-07 13:47:48,CUST-1040,"Monitor Curvo 27""",1,Puebla,PayPal,Sitio web,5.0,Computo,5978.02,5978.02,Completado
ORD-10081,2024-11-19 14:41:16,CUST-1211,Audifonos Bluetooth,1,Queretaro,PayPal,App movil,4.0,Accesorios,967.25,967.25,Completado
ORD-10516,2024-10-28 04:38:13,CUST-1048,Router WiFi 6,2,Puebla,Tarjeta de debito,Sitio web,5.0,Redes,1874.64,3749.28,Completado
ORD-10212,2024-01-12 06:18:05,CUST-1176,"Monitor Curvo 27""",1,Tijuana,Transferencia,App movil,5.0,Computo,5889.79,5889.79,Completado
ORD-10071,2024-04-29 14:51:52,CUST-1085,Disco SSD 1TB,3,Puebla,Tarjeta de credito,Marketplace,3.0,Almacenamiento,1271.25,3813.75,Completado
ORD-10964,2024-04-12 02:47:24,CUST-1313,Disco SSD 1TB,2,Puebla,PayPal,App movil,5.0,Almacenamiento,1329.56,2659.12,Cancelado
ORD-10020,2024-10-02 10:08:55,CUST-1344,Tablet 10 pulgadas,1,Queretaro,PayPal,Sitio web,5.0,Computo,4260.2,4260.2,Completado
ORD-10782,2024-08-28 16:11:27,CUST-1261,"Monitor Curvo 27""",1,Puebla,Tarjeta de credito,Sitio web,5.0,Computo,5967.53,5967.53,Devuelto
ORD-10191,2024-01-09 00:53:26,CUST-1161,Router WiFi 6,1,Queretaro,Efectivo contra entrega,Sitio web,5.0,Redes,1837.94,1837.94,Cancelado
ORD-11988,2024-05-05 19:13:17,CUST-1053,Mouse Inalambrico Pro,4,Merida,Tarjeta de credito,App movil,5.0,Accesorios,312.41,1249.64,Devuelto
ORD-11814,2024-08-11 19:20:13,CUST-1055,Mouse Inalambrico Pro,2,Monterrey,Efectivo contra entrega,Sitio web,2.0,Accesorios,301.02,602.04,Completado
ORD-10744,2024-06-26 06:36:52,CUST-1084,Webcam HD 1080p,1,Tijuana,PayPal,App movil,2.0,Accesorios,667.54,667.54,Cancelado
ORD-10636,2024-04-29 23:03:15,CUST-1151,Router WiFi 6,5,Tijuana,Tarjeta de credito,Sitio web,3.0,Redes,1701.83,8509.15,Completado
ORD-10892,2024-05-18 04:16:21,CUST-1222,Cargador USB-C 65W,3,,Tarjeta de debito,Marketplace,5.0,Accesorios,399.15,1197.45,Completado
ORD-10409,2024-12-15 17:30:54,CUST-1289,Router WiFi 6,4,monterrey,Tarjeta de credito,App movil,5.0,Redes,1563.98,6255.92,Completado
ORD-11485,2024-06-20 09:08:29,CUST-1388,Tablet 10 pulgadas,1,Monterrey,Tarjeta de debito,App movil,5.0,Computo,4253.76,4253.76,Completado
ORD-10393,2024-10-24 17:08:47,CUST-1377,Impresora Multifuncional,5,Ciudad de Mexico,PayPal,App movil,5.0,Oficina,2657.64,13288.2,Cancelado
ORD-10985,2024-01-26 12:12:05,CUST-1252,Mouse Inalambrico Pro,3,Ciudad de Mexico,Tarjeta de debito,Sitio web,5.0,Accesorios,310.55,931.65,Completado
ORD-11109,2024-01-17 16:34:32,CUST-1194,Webcam HD 1080p,3,Guadalajara,Tarjeta de credito,App movil,4.0,Accesorios,730.57,2191.71,Completado
ORD-11534,2024-01-28 06:21:27,CUST-1135,Smartwatch Fit,5,Monterrey,Efectivo contra entrega,Marketplace,1.0,Wearables,2349.05,11745.25,Cancelado
ORD-10096,2024-02-09 10:04:38,CUST-1112,Mouse Inalambrico Pro,2,Puebla,Tarjeta de credito,App movil,,Accesorios,299.68,599.36,Devuelto
ORD-10675,2024-10-22 10:19:33,CUST-1068,Webcam HD 1080p,1,Queretaro,Efectivo contra entrega,Sitio web,5.0,Accesorios,702.13,702.13,Completado
ORD-11741,2024-05-13 20:10:18,CUST-1238,Laptop Gamer X15,2,Merida,Tarjeta de credito,App movil,3.0,Computo,18832.65,37665.3,Completado
ORD-11218,2024-02-17 02:25:52,CUST-1388,Laptop Gamer X15,1,Merida,Tarjeta de credito,App movil,4.0,Computo,18830.43,18830.43,Completado
ORD-10903,2024-08-09 21:05:17,CUST-1159,Mouse Inalambrico Pro,3,Monterrey,Tarjeta de debito,Sitio web,,Accesorios,313.7,941.1,Completado
ORD-10959,2024-03-27 22:28:31,CUST-1081,Teclado Mecanico RGB,2,Queretaro,Tarjeta de credito,App movil,5.0,Accesorios,1068.24,2136.48,Cancelado
ORD-11912,2024-07-26 08:47:59,CUST-1072,Tablet 10 pulgadas,5,Merida,Tarjeta de debito,Marketplace,5.0,Computo,4407.86,22039.3,Cancelado
ORD-10170,2024-12-18 01:13:13,CUST-1087,Webcam HD 1080p,3,tijuana,Transferencia,Marketplace,,Accesorios,689.09,2067.27,Completado
ORD-11094,2024-03-20 03:38:57,CUST-1215,Disco SSD 1TB,5,Monterrey,Efectivo contra entrega,Marketplace,5.0,Almacenamiento,1348.84,6744.2,Completado
ORD-10183,2024-06-10 03:09:37,CUST-1053,"Monitor Curvo 27""",3,Tijuana,Tarjeta de credito,Marketplace,2.0,Computo,6103.31,18309.93,Cancelado
ORD-11533,2024-05-12 14:28:07,CUST-1031,"Monitor Curvo 27""",1,Merida,Tarjeta de credito,Sitio web,5.0,Computo,6702.37,6702.37,Completado
ORD-10097,2024-05-11 11:54:11,CUST-1087,Webcam HD 1080p,1,Tijuana,Tarjeta de debito,App movil,,Accesorios,644.17,644.17,Completado
ORD-11946,2024-12-16 23:44:22,CUST-1108,Bocina Portatil,1,Tijuana,Tarjeta de debito,App movil,,Accesorios,870.92,870.92,Completado
ORD-11820,2024-01-30 06:48:51,CUST-1322,Silla Ergonomica,4,Puebla,Tarjeta de credito,Sitio web,4.0,Oficina,2988.15,11952.6,Completado
ORD-11231,2024-03-25 20:28:47,CUST-1099,Bocina Portatil,1,Puebla,Tarjeta de credito,App movil,,Accesorios,829.41,829.41,Cancelado
ORD-11803,2024-11-25 20:38:22,CUST-1146,Laptop Ultrabook Air,4,Queretaro,Efectivo contra entrega,App movil,5.0,Computo,13193.69,52774.76,Completado
ORD-10942,2024-07-16 00:05:41,CUST-1281,Cargador USB-C 65W,3,Puebla,Tarjeta de credito,Marketplace,4.0,Accesorios,444.03,1332.09,Completado
ORD-11590,2024-10-20 15:45:28,CUST-1231,Teclado Mecanico RGB,1,Ciudad de Mexico,Transferencia,Sitio web,2.0,Accesorios,1258.57,1258.57,Completado
ORD-10267,2024-07-03 22:53:11,CUST-1282,Laptop Gamer X15,1,Queretaro,Tarjeta de credito,App movil,5.0,Computo,16996.09,16996.09,Completado
ORD-10102,2024-06-15 06:20:36,CUST-1313,Cargador USB-C 65W,1,Monterrey,Transferencia,App movil,3.0,Accesorios,390.41,390.41,Completado
ORD-10794,2024-10-30 17:46:19,CUST-1136,Bocina Portatil,3,Merida,Tarjeta de credito,Marketplace,5.0,Accesorios,832.06,2496.18,Completado
ORD-10790,2024-06-16 22:54:15,CUST-1186,Smartwatch Fit,3,Queretaro,PayPal,Sitio web,4.0,Wearables,2368.37,7105.11,Devuelto
ORD-10665,2024-05-12 15:09:59,CUST-1369,Webcam HD 1080p,4,Merida,PayPal,App movil,,Accesorios,638.87,2555.48,Devuelto
ORD-11658,2024-04-13 23:46:40,CUST-1340,Audifonos Bluetooth,2,Queretaro,PayPal,App movil,5.0,Accesorios,975.93,1951.86,Completado
ORD-11963,2024-07-03 07:03:10,CUST-1337,Cargador USB-C 65W,4,Monterrey,Efectivo contra entrega,Sitio web,5.0,Accesorios,408.79,1635.16,Completado
ORD-11990,2024-02-25 16:53:10,CUST-1354,Disco SSD 1TB,1,Guadalajara,Transferencia,Sitio web,5.0,Almacenamiento,1298.75,1298.75,Completado
ORD-11532,2024-05-17 08:48:18,CUST-1062,Bocina Portatil,1,Ciudad de Mexico,Tarjeta de credito,App movil,2.0,Accesorios,849.69,849.69,Devuelto
ORD-10431,2024-06-05 17:58:47,CUST-1124,"Monitor Curvo 27""",1,Queretaro,Tarjeta de debito,App movil,5.0,Computo,6794.61,6794.61,Devuelto
ORD-10633,2024-09-23 00:36:42,CUST-1016,Cargador USB-C 65W,1,Monterrey,Tarjeta de credito,Sitio web,3.0,Accesorios,408.88,408.88,Completado
ORD-10773,2024-09-15 15:51:58,CUST-1098,Teclado Mecanico RGB,5,tijuana,Transferencia,App movil,2.0,Accesorios,1064.41,5322.05,Completado
ORD-11225,2024-01-01 22:20:07,CUST-1021,Router WiFi 6,1,Ciudad de Mexico,Tarjeta de credito,App movil,3.0,Redes,1558.07,1558.07,Completado
ORD-11827,2024-05-21 08:08:29,CUST-1154,Audifonos Bluetooth,1,Ciudad de Mexico,Tarjeta de debito,Sitio web,4.0,Accesorios,828.02,828.02,Completado
ORD-11683,2024-08-07 11:19:30,CUST-1162,Smartwatch Fit,4,Merida,Efectivo contra entrega,App movil,5.0,Wearables,2407.78,9631.12,Completado
ORD-10993,2024-03-15 23:28:43,CUST-1241,Silla Ergonomica,2,Tijuana,Tarjeta de credito,Sitio web,2.0,Oficina,2815.73,5631.46,Devuelto
ORD-10235,2024-03-08 15:53:10,CUST-1200,Silla Ergonomica,1,Puebla,Tarjeta de debito,App movil,4.0,Oficina,3015.59,3015.59,Completado
ORD-11385,2024-03-02 04:59:43,CUST-1222,Laptop Gamer X15,2,Monterrey,Tarjeta de debito,Sitio web,3.0,Computo,17434.17,34868.34,Completado
ORD-10763,2024-11-16 06:16:51,CUST-1272,Cargador USB-C 65W,5,Merida,Tarjeta de debito,App movil,3.0,Accesorios,420.74,2103.7,Completado
ORD-11152,2024-02-27 12:13:36,CUST-1060,Disco SSD 1TB,2,Ciudad de Mexico,PayPal,App movil,5.0,Almacenamiento,1366.61,2733.22,Completado
ORD-11615,2024-04-02 14:11:09,CUST-1104,Silla Ergonomica,1,Merida,Transferencia,App movil,1.0,Oficina,3047.55,3047.55,Completado
ORD-11017,2024-02-19 08:59:17,CUST-1164,"Monitor Curvo 27""",2,Tijuana,Efectivo contra entrega,Sitio web,2.0,Computo,6905.17,13810.34,Completado
ORD-11923,2024-06-23 14:33:27,CUST-1245,Impresora Multifuncional,1,Merida,Tarjeta de debito,App movil,3.0,Oficina,2629.56,2629.56,Completado
ORD-10154,2024-08-18 02:01:10,CUST-1311,"Monitor Curvo 27""",1,Puebla,Transferencia,Sitio web,5.0,Computo,6739.46,6739.46,Devuelto
ORD-11159,2024-08-08 10:37:06,CUST-1136,Bocina Portatil,2,Queretaro,Tarjeta de debito,App movil,,Accesorios,764.2,1528.4,Completado
ORD-10724,2024-07-10 05:07:05,CUST-1083,Disco SSD 1TB,2,Guadalajara,Tarjeta de debito,App movil,3.0,Almacenamiento,1396.11,2792.22,Completado
ORD-11688,2024-10-08 01:56:10,CUST-1087,Smartwatch Fit,4,Merida,Efectivo contra entrega,Sitio web,5.0,Wearables,2376.42,9505.68,Cancelado
ORD-11858,2024-04-14 04:03:15,CUST-1324,Audifonos Bluetooth,1,Merida,Efectivo contra entrega,Sitio web,5.0,Accesorios,876.15,876.15,Completado
ORD-10176,2024-09-26 11:12:32,CUST-1157,Impresora Multifuncional,4,Guadalajara,Efectivo contra entrega,App movil,3.0,Oficina,2627.44,10509.76,Completado
ORD-11785,2024-06-16 10:54:02,CUST-1237,Tablet 10 pulgadas,2,Ciudad de Mexico,Tarjeta de credito,App movil,4.0,Computo,4241.98,8483.96,Cancelado
ORD-11182,2024-01-31 04:57:18,CUST-1240,Smartwatch Fit,3,Merida,Tarjeta de credito,App movil,4.0,Wearables,2676.82,8030.46,Completado
ORD-11804,2024-04-23 01:44:40,CUST-1003,Impresora Multifuncional,3,Guadalajara,Tarjeta de credito,Sitio web,4.0,Oficina,2826.78,8480.34,Cancelado
ORD-10654,2024-11-29 22:25:58,CUST-1229,Cargador USB-C 65W,2,Puebla,Efectivo contra entrega,Marketplace,5.0,Accesorios,401.01,802.02,Completado
ORD-10669,2024-03-26 18:11:05,CUST-1101,Mouse Inalambrico Pro,2,Monterrey,Tarjeta de debito,Marketplace,,Accesorios,340.43,680.86,Completado
ORD-11414,2024-11-02 04:10:51,CUST-1065,Silla Ergonomica,1,Ciudad de Mexico,PayPal,Marketplace,4.0,Oficina,2791.84,2791.84,Completado
ORD-10614,2024-11-03 02:35:27,CUST-1328,Laptop Gamer X15,3,Merida,Tarjeta de credito,App movil,3.0,Computo,15733.7,47201.1,Completado
ORD-11296,2024-08-01 20:21:05,CUST-1170,Cargador USB-C 65W,2,Puebla,Tarjeta de debito,App movil,5.0,Accesorios,426.53,853.06,Completado
ORD-10674,2024-11-26 09:02:34,CUST-1072,Teclado Mecanico RGB,2,Queretaro,Tarjeta de debito,App movil,4.0,Accesorios,1231.51,2463.02,Completado
ORD-11028,2024-09-26 20:36:44,CUST-1301,Router WiFi 6,2,Ciudad de Mexico,Tarjeta de debito,App movil,4.0,Redes,1535.72,3071.44,Completado
ORD-10451,2024-03-12 15:45:07,CUST-1088, Laptop Gamer X15  ,1,Tijuana,Transferencia,Marketplace,,Computo,16938.93,16938.93,Completado
ORD-11396,2024-05-06 04:41:20,CUST-1363,Laptop Gamer X15,1,Ciudad de Mexico,PayPal,Sitio web,4.0,Computo,18114.71,18114.71,Cancelado
ORD-11537,2024-05-10 15:18:53,CUST-1019,Tablet 10 pulgadas,2,Tijuana,Tarjeta de credito,Marketplace,5.0,Computo,4022.44,8044.88,Completado
ORD-11995,2024-10-11 09:33:59,CUST-1001,Tablet 10 pulgadas,4,Monterrey,Tarjeta de debito,App movil,5.0,Computo,4385.85,17543.4,Completado
ORD-10841,2024-07-17 02:33:01,CUST-1216,Laptop Ultrabook Air,1,Guadalajara,Tarjeta de credito,Sitio web,1.0,Computo,15646.12,15646.12,Completado
ORD-11474,2024-05-09 20:36:08,CUST-1391,Laptop Ultrabook Air,1,Queretaro,Tarjeta de credito,Sitio web,3.0,Computo,15864.29,15864.29,Completado
ORD-11854,2024-04-29 19:35:56,CUST-1075,Laptop Ultrabook Air,3,Puebla,Tarjeta de debito,App movil,3.0,Computo,14625.95,43877.85,Devuelto
ORD-10532,2024-10-18 07:07:55,CUST-1204,Webcam HD 1080p,1,Monterrey,Tarjeta de credito,App movil,1.0,Accesorios,700.49,700.49,Devuelto
ORD-11622,2024-12-12 18:16:13,CUST-1039,Audifonos Bluetooth,3,Guadalajara,PayPal,App movil,4.0,Accesorios,817.22,2451.66,Completado
ORD-10190,2024-06-05 08:05:41,CUST-1359,Impresora Multifuncional,1,Monterrey,Tarjeta de debito,App movil,,Oficina,2927.49,2927.49,Devuelto
ORD-11657,2024-07-29 23:16:19,CUST-1373,Audifonos Bluetooth,4,Queretaro,PayPal,App movil,,Accesorios,845.05,3380.2,Completado
ORD-11081,2024-12-24 01:28:10,CUST-1199,Teclado Mecanico RGB,1,Ciudad de Mexico,Tarjeta de debito,Sitio web,4.0,Accesorios,1079.05,1079.05,Devuelto
ORD-10437,2024-03-28 21:52:56,CUST-1131,Audifonos Bluetooth,1,Queretaro,Efectivo contra entrega,App movil,5.0,Accesorios,807.7,807.7,Completado
ORD-10562,2024-01-04 22:33:57,CUST-1019,Audifonos Bluetooth,1,Merida,PayPal,App movil,5.0,Accesorios,871.9,871.9,Completado
ORD-10658,2024-08-01 06:17:24,CUST-1221,Bocina Portatil,1,Guadalajara,Tarjeta de credito,Sitio web,4.0,Accesorios,889.93,889.93,Cancelado
ORD-11131,2024-10-03 19:47:29,CUST-1119,Laptop Ultrabook Air,2,,PayPal,Sitio web,5.0,Computo,13201.93,26403.86,Completado
ORD-10403,2024-11-10 23:14:22,CUST-1224, Laptop Ultrabook Air  ,1,Guadalajara,Tarjeta de credito,Marketplace,,Computo,14677.35,14677.35,Devuelto
ORD-11471,2024-08-23 15:30:54,CUST-1119,Impresora Multifuncional,2,Ciudad de Mexico,Tarjeta de debito,App movil,,Oficina,2526.78,5053.56,Cancelado
ORD-10028,2024-09-08 04:26:26,CUST-1235,Laptop Ultrabook Air,1,Guadalajara,Efectivo contra entrega,Sitio web,3.0,Computo,13528.44,13528.44,Completado
ORD-11655,2024-06-03 01:25:03,CUST-1078,Bocina Portatil,3,Queretaro,Tarjeta de credito,Marketplace,,Accesorios,785.16,2355.48,Devuelto
ORD-10396,2024-11-26 16:32:11,CUST-1362,Teclado Mecanico RGB,2,Ciudad de Mexico,Tarjeta de debito,Sitio web,5.0,Accesorios,1192.14,2384.28,Cancelado
ORD-10755,2024-10-04 13:05:30,CUST-1391,Router WiFi 6,1,Merida,Transferencia,App movil,,Redes,1593.82,1593.82,Completado
ORD-11266,2024-11-27 13:00:26,CUST-1189,Disco SSD 1TB,1,Merida,PayPal,App movil,4.0,Almacenamiento,1232.9,1232.9,Devuelto
ORD-11138,2024-07-02 05:29:30,CUST-1017,Cargador USB-C 65W,3,Queretaro,Transferencia,App movil,3.0,Accesorios,461.21,1383.63,Completado
ORD-10300,2024-01-16 06:33:18,CUST-1195,Mouse Inalambrico Pro,2,Ciudad de Mexico,Tarjeta de debito,App movil,5.0,Accesorios,332.2,664.4,Completado
ORD-11011,2024-05-29 17:07:59,CUST-1031,Laptop Ultrabook Air,1,Queretaro,Tarjeta de debito,App movil,,Computo,13594.91,13594.91,Completado
ORD-10591,2024-02-11 12:25:57,CUST-1184,Router WiFi 6,1,,Tarjeta de debito,Sitio web,,Redes,1830.04,1830.04,Completado
ORD-11381,2024-06-23 19:48:04,CUST-1097,Laptop Gamer X15,2,Ciudad de Mexico,Tarjeta de credito,Sitio web,5.0,Computo,17180.94,34361.88,Completado
ORD-10775,2024-07-03 14:22:35,CUST-1008,Impresora Multifuncional,5,Guadalajara,Tarjeta de debito,Marketplace,2.0,Oficina,2388.61,11943.05,Completado
ORD-11190,2024-09-18 11:40:05,CUST-1280,Mouse Inalambrico Pro,2,Tijuana,Tarjeta de debito,Marketplace,5.0,Accesorios,358.01,716.02,Completado
ORD-11055,2024-03-10 18:31:07,CUST-1318,Router WiFi 6,1,Queretaro,Tarjeta de credito,App movil,4.0,Redes,1668.2,1668.2,Devuelto
ORD-11374,2024-10-09 19:39:56,CUST-1295,Router WiFi 6,2,Merida,Tarjeta de debito,App movil,4.0,Redes,1788.32,3576.64,Cancelado
ORD-10629,2024-12-08 11:59:45,CUST-1276,Laptop Gamer X15,3,Merida,Tarjeta de debito,Sitio web,4.0,Computo,15982.95,47948.85,Cancelado
ORD-11415,2024-01-27 13:02:59,CUST-1375,Tablet 10 pulgadas,5,Guadalajara,PayPal,App movil,3.0,Computo,3900.75,19503.75,Completado
ORD-10049,2024-10-18 08:21:29,CUST-1186,Mouse Inalambrico Pro,4,Guadalajara,PayPal,Sitio web,4.0,Accesorios,313.76,1255.04,Completado
ORD-11627,2024-05-31 23:23:15,CUST-1239,Router WiFi 6,1,Puebla,Tarjeta de debito,Sitio web,5.0,Redes,1760.17,1760.17,Completado
ORD-11377,2024-03-02 10:21:38,CUST-1226,Smartwatch Fit,3,Puebla,Tarjeta de credito,App movil,5.0,Wearables,2711.03,8133.09,Completado
ORD-11254,2024-10-29 18:49:12,CUST-1322,Smartwatch Fit,2,Puebla,Tarjeta de credito,App movil,4.0,Wearables,2482.29,4964.58,Cancelado
ORD-10814,2024-06-08 00:24:03,CUST-1361, Teclado Mecanico RGB  ,4,Puebla,Tarjeta de credito,Sitio web,,Accesorios,1068.64,4274.56,Cancelado
ORD-10469,2024-09-12 07:49:32,CUST-1367,Webcam HD 1080p,1,Merida,Tarjeta de credito,Sitio web,3.0,Accesorios,693.41,693.41,Completado
ORD-10891,2024-06-12 02:09:00,CUST-1159,"Monitor Curvo 27""",4,,Tarjeta de debito,App movil,3.0,Computo,6890.25,27561.0,Cancelado
ORD-10759,2024-12-28 16:34:29,CUST-1377,Bocina Portatil,2,Merida,Tarjeta de credito,App movil,5.0,Accesorios,840.91,1681.82,Completado
ORD-11233,2024-01-07 14:05:04,CUST-1230,Silla Ergonomica,1,Monterrey,PayPal,App movil,4.0,Oficina,3031.92,3031.92,Devuelto
ORD-11449,2024-12-18 22:28:32,CUST-1104,Cargador USB-C 65W,4,Merida,Tarjeta de credito,App movil,4.0,Accesorios,437.0,1748.0,Completado
ORD-10548,2024-12-08 10:09:23,CUST-1150,Webcam HD 1080p,5,Ciudad de Mexico,Tarjeta de credito,App movil,4.0,Accesorios,672.8,3364.0,Completado
ORD-10072,2024-03-08 05:11:24,CUST-1250,Cargador USB-C 65W,4,Ciudad de Mexico,PayPal,Sitio web,4.0,Accesorios,454.49,1817.96,Completado
ORD-10590,2024-02-25 10:28:47,CUST-1046,Audifonos Bluetooth,1,Puebla,Tarjeta de debito,Sitio web,4.0,Accesorios,885.92,885.92,Completado
ORD-10187,2024-11-10 01:59:49,CUST-1109,"Monitor Curvo 27""",2,Guadalajara,Tarjeta de credito,App movil,,Computo,6625.62,13251.24,Cancelado
ORD-10105,2024-02-14 13:04:36,CUST-1082,"Monitor Curvo 27""",4,Tijuana,Efectivo contra entrega,App movil,4.0,Computo,6177.1,24708.4,Completado
ORD-10742,2024-02-21 09:25:59,CUST-1160,Disco SSD 1TB,1,Tijuana,Transferencia,App movil,4.0,Almacenamiento,1322.51,1322.51,Completado
ORD-10807,2024-05-09 01:57:03,CUST-1209,Tablet 10 pulgadas,2,Guadalajara,Transferencia,Sitio web,,Computo,3889.09,7778.18,Completado
ORD-11280,2024-06-01 16:46:09,CUST-1093,Teclado Mecanico RGB,1,Puebla,Tarjeta de credito,App movil,5.0,Accesorios,1081.24,1081.24,Completado
ORD-10793,2024-12-18 16:46:25,CUST-1083,Bocina Portatil,3,Guadalajara,PayPal,App movil,4.0,Accesorios,873.97,2621.91,Completado
ORD-11797,2024-11-20 03:58:39,CUST-1371,"Monitor Curvo 27""",1,Merida,Efectivo contra entrega,Sitio web,5.0,Computo,6404.87,6404.87,Completado
ORD-10910,2024-02-01 08:12:00,CUST-1246,Impresora Multifuncional,3,Monterrey,Tarjeta de debito,Sitio web,4.0,Oficina,2489.79,7469.37,Completado
ORD-11416,2024-09-01 03:36:19,CUST-1235,"Monitor Curvo 27""",4,Guadalajara,Tarjeta de credito,Sitio web,5.0,Computo,6238.25,24953.0,Completado
ORD-10547,2024-03-29 23:47:21,CUST-1307,Tablet 10 pulgadas,3,Tijuana,Tarjeta de debito,App movil,4.0,Computo,3932.23,11796.69,Cancelado
ORD-10467,2024-05-02 14:41:46,CUST-1337,Audifonos Bluetooth,2,Guadalajara,Tarjeta de credito,App movil,4.0,Accesorios,953.48,1906.96,Completado
ORD-11587,2024-01-26 16:09:19,CUST-1322,Impresora Multifuncional,1,Tijuana,PayPal,App movil,4.0,Oficina,2456.64,2456.64,Completado
ORD-11808,2024-06-15 07:04:03,CUST-1118,Router WiFi 6,5,Ciudad de Mexico,Tarjeta de credito,App movil,3.0,Redes,1535.45,7677.25,Completado
ORD-11150,2024-08-13 09:00:54,CUST-1203,Router WiFi 6,1,Puebla,Efectivo contra entrega,App movil,4.0,Redes,1613.6,1613.6,Completado
ORD-10907,2024-02-14 22:51:42,CUST-1203,Router WiFi 6,1,Guadalajara,PayPal,Sitio web,4.0,Redes,1867.54,1867.54,Completado
ORD-10361,2024-01-29 04:41:05,CUST-1347,Tablet 10 pulgadas,3,Puebla,Transferencia,App movil,5.0,Computo,4260.15,12780.45,Cancelado
ORD-11092,2024-10-14 09:58:16,CUST-1361,Cargador USB-C 65W,4,Monterrey,Efectivo contra entrega,App movil,,Accesorios,400.36,1601.44,Completado
ORD-10765,2024-02-02 00:34:48,CUST-1207,Router WiFi 6,1,Queretaro,Tarjeta de credito,App movil,,Redes,1717.97,1717.97,Cancelado
ORD-10040,2024-09-14 16:47:52,CUST-1206,Laptop Gamer X15,2,Puebla,Tarjeta de credito,Sitio web,4.0,Computo,18043.4,36086.8,Completado
ORD-10833,2024-09-13 19:25:23,CUST-1270,Disco SSD 1TB,2,Queretaro,Efectivo contra entrega,App movil,3.0,Almacenamiento,1237.14,2474.28,Completado
ORD-10602,2024-06-26 05:53:14,CUST-1324,Laptop Gamer X15,4,Guadalajara,PayPal,Sitio web,5.0,Computo,18747.02,74988.08,Completado
ORD-10789,2024-06-29 13:48:09,CUST-1217,Cargador USB-C 65W,-1,Guadalajara,Efectivo contra entrega,Sitio web,3.0,Accesorios,422.99,-422.99,Completado
ORD-11454,2024-07-03 13:45:28,CUST-1077,Tablet 10 pulgadas,2,Guadalajara,Tarjeta de credito,App movil,5.0,Computo,4181.6,8363.2,Cancelado
ORD-11545,2024-10-13 18:44:28,CUST-1370,Router WiFi 6,5,,PayPal,Marketplace,1.0,Redes,1703.42,8517.1,Completado
ORD-10938,2024-08-18 15:20:43,CUST-1380,Audifonos Bluetooth,1,Monterrey,PayPal,App movil,5.0,Accesorios,953.61,953.61,Completado
ORD-10328,2024-03-22 09:56:54,CUST-1364,Laptop Ultrabook Air,1,Puebla,Transferencia,Marketplace,3.0,Computo,13904.69,13904.69,Completado
ORD-11755,2024-12-03 15:44:17,CUST-1358,Disco SSD 1TB,3,Monterrey,PayPal,Marketplace,5.0,Almacenamiento,1248.28,3744.84,Completado
ORD-11715,2024-03-18 15:20:06,CUST-1183,Laptop Ultrabook Air,2,Puebla,Transferencia,Marketplace,1.0,Computo,13895.91,27791.82,Devuelto
ORD-11748,2024-12-16 04:22:10,CUST-1343,Mouse Inalambrico Pro,2,Puebla,PayPal,Sitio web,4.0,Accesorios,311.28,622.56,Completado
ORD-10263,2024-11-07 09:44:50,CUST-1001,Webcam HD 1080p,1,Merida,Tarjeta de credito,App movil,3.0,Accesorios,660.2,660.2,Completado
ORD-10101,2024-02-24 04:16:18,CUST-1376,Laptop Ultrabook Air,2,Guadalajara,Transferencia,App movil,4.0,Computo,13600.46,27200.92,Completado
ORD-11313,2024-11-21 07:44:55,CUST-1375,Disco SSD 1TB,3,Merida,Transferencia,App movil,1.0,Almacenamiento,1319.73,3959.19,Devuelto
ORD-10982,2024-08-10 06:21:04,CUST-1034,Teclado Mecanico RGB,5,Guadalajara,PayPal,App movil,4.0,Accesorios,1169.07,5845.35,Completado
ORD-10453,2024-02-26 15:39:22,CUST-1372,"Monitor Curvo 27""",1,Merida,Tarjeta de credito,Sitio web,3.0,Computo,6523.84,6523.84,Devuelto
ORD-10014,2024-03-09 12:25:01,CUST-1031,Laptop Gamer X15,1,Ciudad de Mexico,Tarjeta de debito,App movil,,Computo,18452.82,18452.82,Completado
ORD-11298,2024-06-24 07:07:00,CUST-1009,Smartwatch Fit,1,Merida,Tarjeta de debito,App movil,1.0,Wearables,2454.8,2454.8,Devuelto
ORD-11057,2024-03-13 04:04:40,CUST-1303,Impresora Multifuncional,4,Tijuana,Transferencia,App movil,5.0,Oficina,2388.31,9553.24,Completado
ORD-11318,2024-11-12 03:06:19,CUST-1214,"Monitor Curvo 27""",2,Tijuana,Efectivo contra entrega,App movil,5.0,Computo,6818.14,13636.28,Completado
ORD-11708,2024-11-13 11:15:57,CUST-1139,Mouse Inalambrico Pro,2,Ciudad de Mexico,PayPal,App movil,5.0,Accesorios,325.88,651.76,Devuelto
ORD-11425,2024-09-17 10:22:02,CUST-1155,Audifonos Bluetooth,1,Puebla,Efectivo contra entrega,App movil,,Accesorios,836.12,836.12,Completado
ORD-10523,2024-02-12 22:08:54,CUST-1249,Laptop Gamer X15,4,Ciudad de Mexico,Transferencia,App movil,5.0,Computo,17755.1,71020.4,Completado
ORD-11660,2024-11-06 14:26:29,CUST-1047,Smartwatch Fit,2,Puebla,Tarjeta de debito,Sitio web,2.0,Wearables,2612.5,5225.0,Completado
ORD-10258,2024-06-30 06:56:53,CUST-1133,Cargador USB-C 65W,1,Queretaro,Tarjeta de credito,App movil,1.0,Accesorios,423.61,423.61,Completado
ORD-11072,2024-05-29 15:27:03,CUST-1250,Laptop Gamer X15,2,Puebla,PayPal,Sitio web,3.0,Computo,16725.42,33450.84,Completado
ORD-10143,2024-12-29 00:51:43,CUST-1040,"Monitor Curvo 27""",2,Monterrey,Tarjeta de credito,App movil,2.0,Computo,6696.34,13392.68,Completado
ORD-10909,2024-08-05 06:08:03,CUST-1282,Mouse Inalambrico Pro,2,Ciudad de Mexico,Tarjeta de debito,Sitio web,3.0,Accesorios,297.55,595.1,Completado
ORD-10762,2024-03-30 19:27:41,CUST-1078,Tablet 10 pulgadas,1,Queretaro,PayPal,Sitio web,3.0,Computo,4655.2,4655.2,Completado
ORD-10318,2024-05-06 06:41:03,CUST-1145,Bocina Portatil,3,Ciudad de Mexico,Efectivo contra entrega,Sitio web,5.0,Accesorios,758.34,2275.02,Completado
ORD-10513,2024-07-02 17:12:04,CUST-1292,Bocina Portatil,1,Ciudad de Mexico,Efectivo contra entrega,Sitio web,2.0,Accesorios,843.7,843.7,Completado
ORD-10302,2024-12-21 14:36:58,CUST-1370,Webcam HD 1080p,2,Guadalajara,Tarjeta de credito,Sitio web,4.0,Accesorios,619.33,1238.66,Completado
ORD-11376,2024-05-19 17:48:41,CUST-1279,Router WiFi 6,2,Queretaro,Tarjeta de debito,App movil,3.0,Redes,1562.09,3124.18,Completado
ORD-11686,2024-12-17 01:04:51,CUST-1257,Smartwatch Fit,2,Ciudad de Mexico,PayPal,Sitio web,5.0,Wearables,2498.12,4996.24,Completado
ORD-10055,2024-05-29 01:00:33,CUST-1258,Cargador USB-C 65W,4,Puebla,Transferencia,App movil,5.0,Accesorios,388.77,1555.08,Completado
ORD-10968,2024-02-06 22:46:31,CUST-1257,Tablet 10 pulgadas,3,Tijuana,Efectivo contra entrega,Marketplace,5.0,Computo,4337.83,13013.49,Completado
ORD-11234,2024-06-14 06:20:21,CUST-1271,Audifonos Bluetooth,1,Queretaro,Tarjeta de credito,App movil,,Accesorios,879.22,879.22,Completado
ORD-11274,2024-12-19 02:18:58,CUST-1184,Laptop Gamer X15,1,Puebla,Transferencia,App movil,5.0,Computo,15801.1,15801.1,Completado
ORD-11447,2024-12-27 14:40:53,CUST-1020,Audifonos Bluetooth,5,Monterrey,Tarjeta de credito,Sitio web,5.0,Accesorios,902.61,4513.05,Completado
ORD-10263,2024-11-07 09:44:50,CUST-1001,Webcam HD 1080p,1,Merida,Tarjeta de credito,App movil,3.0,Accesorios,660.2,660.2,Completado
ORD-10702,2024-01-21 05:04:34,CUST-1142,Laptop Gamer X15,2,Ciudad de Mexico,Tarjeta de credito,App movil,3.0,Computo,17094.24,34188.48,Completado
ORD-10824,2024-12-23 20:08:39,CUST-1340,Audifonos Bluetooth,1,Monterrey,PayPal,App movil,4.0,Accesorios,883.65,883.65,Completado
ORD-11393,2024-02-17 18:08:27,CUST-1104,Laptop Gamer X15,4,Ciudad de Mexico,Tarjeta de credito,App movil,,Computo,19191.27,76765.08,Completado
ORD-10023,2024-11-21 13:28:57,CUST-1003,Smartwatch Fit,5,Monterrey,Tarjeta de credito,App movil,3.0,Wearables,2697.87,13489.35,Completado
ORD-10656,2024-10-07 12:52:32,CUST-1198,Silla Ergonomica,1,Merida,Tarjeta de credito,App movil,5.0,Oficina,2869.45,2869.45,Completado
ORD-10627,2024-10-05 04:04:20,CUST-1040,Cargador USB-C 65W,2,tijuana,Tarjeta de credito,App movil,4.0,Accesorios,404.78,809.56,Completado
ORD-10871,2024-04-16 14:51:18,CUST-1351,Silla Ergonomica,5,,PayPal,Sitio web,5.0,Oficina,3214.42,16072.1,Completado
ORD-10374,2024-02-29 07:14:52,CUST-1145,Bocina Portatil,1,Guadalajara,PayPal,App movil,,Accesorios,859.18,859.18,Cancelado
ORD-11235,2024-09-01 04:10:15,CUST-1191,Cargador USB-C 65W,4,Monterrey,PayPal,Sitio web,2.0,Accesorios,468.15,1872.6,Completado
ORD-10274,2024-05-13 10:25:03,CUST-1173,Laptop Gamer X15,1,Queretaro,PayPal,Sitio web,5.0,Computo,19333.88,19333.88,Completado
ORD-11599,2024-09-29 00:31:33,CUST-1220,Webcam HD 1080p,2,Merida,Tarjeta de debito,Sitio web,,Accesorios,699.01,1398.02,Completado
ORD-11367,2024-08-01 14:52:28,CUST-1171,Mouse Inalambrico Pro,5,Guadalajara,Efectivo contra entrega,App movil,1.0,Accesorios,350.23,1751.15,Completado
ORD-11931,2024-04-12 09:40:16,CUST-1169,Webcam HD 1080p,3,Monterrey,Transferencia,Marketplace,3.0,Accesorios,632.05,1896.15,Completado
ORD-11563,2024-01-22 08:38:44,CUST-1377,Silla Ergonomica,1,Puebla,Tarjeta de credito,Sitio web,4.0,Oficina,3202.45,3202.45,Devuelto
ORD-11635,2024-02-11 20:18:50,CUST-1333,Laptop Gamer X15,1,Monterrey,Efectivo contra entrega,App movil,4.0,Computo,18295.8,18295.8,Cancelado
ORD-10357,2024-09-11 14:06:31,CUST-1108,Cargador USB-C 65W,1,Monterrey,Transferencia,Marketplace,4.0,Accesorios,456.6,456.6,Devuelto
ORD-10745,2024-11-06 02:01:23,CUST-1042,Mouse Inalambrico Pro,2,Monterrey,PayPal,Sitio web,4.0,Accesorios,346.42,692.84,Devuelto
ORD-10306,2024-01-22 02:47:58,CUST-1238,Bocina Portatil,5,Ciudad de Mexico,Tarjeta de debito,Marketplace,4.0,Accesorios,811.12,4055.6,Completado
ORD-10483,2024-04-12 08:26:46,CUST-1231,Laptop Gamer X15,4,Merida,PayPal,App movil,4.0,Computo,19177.44,76709.76,Completado
ORD-11271,2024-05-06 00:46:42,CUST-1319,Laptop Ultrabook Air,1,Merida,PayPal,Sitio web,5.0,Computo,12954.93,12954.93,Devuelto
ORD-11737,2024-04-11 11:43:06,CUST-1361,Silla Ergonomica,2,,Tarjeta de debito,Sitio web,5.0,Oficina,2985.23,5970.46,Completado
ORD-10699,2024-09-17 12:50:18,CUST-1086,Impresora Multifuncional,1,Tijuana,Efectivo contra entrega,App movil,5.0,Oficina,2414.7,2414.7,Completado
ORD-10847,2024-07-09 08:59:15,CUST-1059,Smartwatch Fit,-5,Monterrey,Tarjeta de credito,App movil,,Wearables,2708.64,-13543.199999999999,Completado
ORD-10111,2024-06-18 21:08:32,CUST-1280,Webcam HD 1080p,1,Monterrey,Tarjeta de credito,App movil,5.0,Accesorios,642.39,642.39,Cancelado
ORD-11569,2024-02-23 11:55:03,CUST-1230,Teclado Mecanico RGB,4,guadalajara,Tarjeta de debito,App movil,5.0,Accesorios,1117.0,4468.0,Completado
ORD-10198,2024-01-08 23:46:44,CUST-1195,Silla Ergonomica,1,Merida,Transferencia,Sitio web,4.0,Oficina,2882.64,2882.64,Completado
ORD-11958,2024-09-14 18:57:12,CUST-1397,"Monitor Curvo 27""",5,Queretaro,Transferencia,App movil,5.0,Computo,7116.02,35580.1,Completado
ORD-10559,2024-09-11 09:36:07,CUST-1152,Audifonos Bluetooth,3,Puebla,Transferencia,Sitio web,4.0,Accesorios,809.91,2429.73,Completado
ORD-11583,2024-04-25 11:45:55,CUST-1107,Impresora Multifuncional,1,Merida,Efectivo contra entrega,Marketplace,4.0,Oficina,2654.92,2654.92,Cancelado
ORD-11073,2024-12-13 07:01:27,CUST-1098,Bocina Portatil,2,Tijuana,Tarjeta de credito,Marketplace,5.0,Accesorios,763.37,1526.74,Completado
ORD-11383,2024-07-03 20:53:50,CUST-1031,Mouse Inalambrico Pro,2,Queretaro,Tarjeta de debito,App movil,5.0,Accesorios,322.81,645.62,Completado
ORD-10390,2024-01-27 01:10:09,CUST-1310,"Monitor Curvo 27""",1,Queretaro,Tarjeta de credito,Marketplace,5.0,Computo,6291.73,6291.73,Cancelado
ORD-11386,2024-09-19 08:34:06,CUST-1302,Silla Ergonomica,5,Puebla,Tarjeta de debito,Sitio web,3.0,Oficina,3191.98,15959.9,Devuelto
ORD-11354,2024-03-26 18:26:48,CUST-1274,Webcam HD 1080p,2,Monterrey,Tarjeta de credito,App movil,4.0,Accesorios,660.4,1320.8,Completado
ORD-11228,2024-02-26 10:06:41,CUST-1297,Router WiFi 6,4,Ciudad de Mexico,Tarjeta de credito,App movil,4.0,Redes,1624.21,6496.84,Cancelado
ORD-10645,2024-09-20 22:07:07,CUST-1078,Tablet 10 pulgadas,2,Ciudad de Mexico,Tarjeta de debito,Marketplace,5.0,Computo,4070.14,8140.28,Cancelado
ORD-11264,2024-08-28 04:15:07,CUST-1103,Impresora Multifuncional,4,Merida,Tarjeta de credito,Marketplace,4.0,Oficina,2628.99,10515.96,Completado
ORD-10337,2024-04-06 04:18:33,CUST-1207,Audifonos Bluetooth,5,Monterrey,Tarjeta de credito,Sitio web,5.0,Accesorios,903.84,4519.2,Completado
ORD-10768,2024-05-02 03:26:04,CUST-1067,Audifonos Bluetooth,4,Ciudad de Mexico,Tarjeta de debito,App movil,4.0,Accesorios,950.42,3801.68,Completado
ORD-11187,2024-03-24 21:03:09,CUST-1000,Impresora Multifuncional,5,Monterrey,Tarjeta de debito,App movil,4.0,Oficina,2463.7,12318.5,Completado
ORD-10954,2024-07-10 15:16:07,CUST-1264,Bocina Portatil,1,Tijuana,Transferencia,Marketplace,3.0,Accesorios,817.14,817.14,Completado
ORD-11916,2024-07-04 02:28:19,CUST-1133,Tablet 10 pulgadas,1,Puebla,Transferencia,App movil,5.0,Computo,3851.93,3851.93,Devuelto
ORD-10084,2024-05-04 22:29:35,CUST-1239,"Monitor Curvo 27""",2,Tijuana,Tarjeta de credito,App movil,4.0,Computo,6106.03,12212.06,Cancelado
ORD-10131,2024-07-01 17:11:45,CUST-1121,Tablet 10 pulgadas,1,Guadalajara,Efectivo contra entrega,Marketplace,3.0,Computo,4134.84,4134.84,Completado
ORD-10903,2024-08-09 21:05:17,CUST-1159,Mouse Inalambrico Pro,3,Monterrey,Tarjeta de debito,Sitio web,,Accesorios,313.7,941.1,Completado
ORD-11558,2024-08-31 01:44:03,CUST-1257,Smartwatch Fit,3,Merida,Tarjeta de credito,App movil,5.0,Wearables,2395.94,7187.82,Completado
ORD-10341,2024-05-09 18:15:40,CUST-1224,Teclado Mecanico RGB,4,Monterrey,Tarjeta de credito,App movil,4.0,Accesorios,1231.07,4924.28,Completado
ORD-10888,2024-01-02 06:56:52,CUST-1131,Webcam HD 1080p,2,Merida,Tarjeta de debito,Sitio web,5.0,Accesorios,720.99,1441.98,Completado
ORD-11822,2024-01-24 00:22:05,CUST-1275,Router WiFi 6,2,Queretaro,Efectivo contra entrega,App movil,3.0,Redes,1879.15,3758.3,Devuelto
ORD-11301,2024-10-10 06:54:32,CUST-1193,"Monitor Curvo 27""",5,Merida,Tarjeta de debito,App movil,2.0,Computo,6219.36,31096.8,Completado
ORD-11193,2024-02-10 01:08:43,CUST-1024,Mouse Inalambrico Pro,1,Tijuana,Tarjeta de credito,App movil,5.0,Accesorios,359.35,359.35,Completado
ORD-11927,2024-11-28 00:13:13,CUST-1074,Disco SSD 1TB,1,Queretaro,Transferencia,App movil,4.0,Almacenamiento,1369.1,1369.1,Completado
ORD-11497,2024-06-29 00:55:09,CUST-1081,Tablet 10 pulgadas,4,Puebla,Transferencia,App movil,4.0,Computo,4722.0,18888.0,Devuelto
ORD-11634,2024-10-03 07:21:03,CUST-1277,Laptop Ultrabook Air,2,Tijuana,Tarjeta de debito,App movil,4.0,Computo,12938.13,25876.26,Cancelado
ORD-10078,2024-04-17 11:18:11,CUST-1379,Laptop Gamer X15,5,Monterrey,PayPal,Marketplace,5.0,Computo,18145.66,90728.3,Completado
ORD-11678,2024-04-11 01:51:35,CUST-1237,Bocina Portatil,4,Monterrey,PayPal,App movil,2.0,Accesorios,857.66,3430.64,Completado
ORD-10004,2024-07-30 08:06:33,CUST-1067,Laptop Ultrabook Air,3,Monterrey,Tarjeta de credito,Sitio web,5.0,Computo,14838.89,44516.67,Cancelado
ORD-10062,2024-02-03 08:51:46,CUST-1147,Laptop Ultrabook Air,4,Ciudad de Mexico,Tarjeta de debito,Sitio web,5.0,Computo,15193.97,60775.88,Completado
ORD-11245,2024-05-02 06:53:48,CUST-1070,"Monitor Curvo 27""",4,Tijuana,Tarjeta de debito,App movil,5.0,Computo,6353.64,25414.56,Cancelado
ORD-10813,2024-10-14 20:52:00,CUST-1337,Tablet 10 pulgadas,4,Tijuana,Efectivo contra entrega,Sitio web,4.0,Computo,3961.84,15847.36,Cancelado
ORD-10219,2024-04-03 23:54:35,CUST-1328,"Monitor Curvo 27""",5,Merida,Tarjeta de debito,App movil,5.0,Computo,5948.74,29743.7,Cancelado
ORD-11251,2024-11-17 04:33:21,CUST-1295,Laptop Gamer X15,1,Puebla,Efectivo contra entrega,Sitio web,3.0,Computo,16021.8,16021.8,Completado
ORD-10837,2024-07-11 04:16:22,CUST-1016,Laptop Ultrabook Air,1,Queretaro,Tarjeta de debito,App movil,1.0,Computo,15448.9,15448.9,Completado
ORD-10307,2024-11-18 09:39:35,CUST-1256,Mouse Inalambrico Pro,1,Merida,Tarjeta de credito,Sitio web,5.0,Accesorios,348.12,348.12,Devuelto
ORD-11949,2024-06-20 16:54:52,CUST-1336,Webcam HD 1080p,1,queretaro,Tarjeta de debito,App movil,4.0,Accesorios,595.15,595.15,Completado
ORD-10870,2024-05-23 08:48:09,CUST-1020,Laptop Ultrabook Air,2,Ciudad de Mexico,Tarjeta de debito,Sitio web,5.0,Computo,14699.46,29398.92,Completado
ORD-10301,2024-06-09 12:04:58,CUST-1079,Disco SSD 1TB,4,Queretaro,PayPal,Sitio web,4.0,Almacenamiento,1281.59,5126.36,Completado
ORD-11071,2024-03-30 05:19:25,CUST-1387,Mouse Inalambrico Pro,1,Monterrey,Tarjeta de credito,Sitio web,4.0,Accesorios,312.22,312.22,Completado
ORD-10381,2024-05-27 10:54:20,CUST-1344,Bocina Portatil,5,Monterrey,Transferencia,Sitio web,5.0,Accesorios,921.19,4605.95,Completado
ORD-11153,2024-06-17 06:29:47,CUST-1394,Smartwatch Fit,1,Merida,Transferencia,Sitio web,5.0,Wearables,2592.17,2592.17,Completado
ORD-10797,2024-03-18 07:42:14,CUST-1213,Mouse Inalambrico Pro,2,Merida,Transferencia,App movil,4.0,Accesorios,305.0,610.0,Completado
ORD-11407,2024-03-30 09:28:56,CUST-1021,Laptop Ultrabook Air,4,Puebla,Tarjeta de debito,Sitio web,5.0,Computo,14826.94,59307.76,Devuelto
ORD-11996,2024-09-30 15:49:30,CUST-1355,Bocina Portatil,4,Monterrey,Tarjeta de debito,Sitio web,5.0,Accesorios,790.82,3163.28,Completado
ORD-11709,2024-10-08 13:37:22,CUST-1236,Webcam HD 1080p,3,Ciudad de Mexico,Transferencia,Sitio web,4.0,Accesorios,690.29,2070.87,Completado
ORD-11886,2024-11-30 08:32:20,CUST-1187,Audifonos Bluetooth,5,Tijuana,Tarjeta de credito,Sitio web,3.0,Accesorios,924.69,4623.45,Cancelado
ORD-11095,2024-12-30 09:18:37,CUST-1370,Disco SSD 1TB,2,Tijuana,Tarjeta de credito,App movil,5.0,Almacenamiento,1351.96,2703.92,Completado
ORD-11817,2024-11-06 16:58:20,CUST-1279,Disco SSD 1TB,3,Guadalajara,Tarjeta de credito,App movil,5.0,Almacenamiento,1305.12,3915.36,Devuelto
ORD-10692,2024-06-18 03:13:12,CUST-1301,Smartwatch Fit,2,Ciudad de Mexico,PayPal,Marketplace,4.0,Wearables,2250.09,4500.18,Completado
ORD-11389,2024-06-25 00:35:33,CUST-1346,Tablet 10 pulgadas,2,Merida,PayPal,Marketplace,4.0,Computo,4228.58,8457.16,Completado
ORD-11955,2024-01-21 18:26:05,CUST-1172,Teclado Mecanico RGB,3,Queretaro,Tarjeta de debito,App movil,4.0,Accesorios,1070.07,3210.21,Cancelado
ORD-11619,2024-01-13 14:44:46,CUST-1116,Impresora Multifuncional,5,Puebla,Tarjeta de debito,App movil,4.0,Oficina,2391.99,11959.95,Devuelto
ORD-11934,2024-07-09 06:17:42,CUST-1273,Cargador USB-C 65W,1,Monterrey,Tarjeta de credito,Marketplace,,Accesorios,445.68,445.68,Completado
ORD-10582,2024-08-19 07:21:27,CUST-1135,Teclado Mecanico RGB,2,Puebla,PayPal,Sitio web,5.0,Accesorios,1165.55,2331.1,Completado
ORD-10697,2024-03-20 04:10:21,CUST-1302,Router WiFi 6,1,Guadalajara,Transferencia,App movil,2.0,Redes,1550.53,1550.53,Cancelado
ORD-11966,2024-09-25 09:56:49,CUST-1373,Cargador USB-C 65W,5,Guadalajara,Tarjeta de debito,Sitio web,4.0,Accesorios,457.95,2289.75,Completado
ORD-10134,2024-05-29 05:09:32,CUST-1265,Webcam HD 1080p,4,,Transferencia,Marketplace,5.0,Accesorios,678.98,2715.92,Devuelto
ORD-11243,2024-10-07 14:04:16,CUST-1146,Webcam HD 1080p,4,Merida,Efectivo contra entrega,Sitio web,5.0,Accesorios,649.41,2597.64,Completado
ORD-10733,2024-07-28 20:11:36,CUST-1065,Smartwatch Fit,2,Merida,Tarjeta de debito,App movil,4.0,Wearables,2352.12,4704.24,Cancelado
ORD-10951,2024-07-29 18:59:03,CUST-1314,Silla Ergonomica,5,Merida,Tarjeta de credito,Sitio web,5.0,Oficina,3323.56,16617.8,Completado
ORD-11838,2024-05-16 04:08:43,CUST-1036,Laptop Ultrabook Air,1,Monterrey,PayPal,Sitio web,5.0,Computo,13581.46,13581.46,Completado
ORD-10916,2024-12-01 08:13:12,CUST-1387,Mouse Inalambrico Pro,2,Ciudad de Mexico,Transferencia,App movil,,Accesorios,320.21,640.42,Completado
ORD-11419,2024-07-12 22:51:35,CUST-1218,Webcam HD 1080p,4,Merida,Tarjeta de credito,App movil,3.0,Accesorios,690.11,2760.44,Completado
ORD-11397,2024-03-10 13:02:44,CUST-1090,Mouse Inalambrico Pro,4,Ciudad de Mexico,PayPal,App movil,5.0,Accesorios,337.72,1350.88,Completado
ORD-11477,2024-05-22 02:24:58,CUST-1321,Teclado Mecanico RGB,4,Guadalajara,Tarjeta de debito,Sitio web,5.0,Accesorios,1033.48,4133.92,Completado
ORD-10904,2024-04-16 01:06:51,CUST-1230,Silla Ergonomica,1,Queretaro,PayPal,Sitio web,5.0,Oficina,3086.36,3086.36,Completado
ORD-11806,2024-02-10 10:23:04,CUST-1323,Tablet 10 pulgadas,2,Queretaro,Tarjeta de debito,Sitio web,4.0,Computo,4435.65,8871.3,Completado
ORD-11185,2024-02-29 02:53:04,CUST-1238,Laptop Ultrabook Air,5,Ciudad de Mexico,Tarjeta de credito,Sitio web,5.0,Computo,13925.11,69625.55,Completado
ORD-10210,2024-01-06 17:13:18,CUST-1198,Disco SSD 1TB,4,Guadalajara,Tarjeta de credito,Sitio web,4.0,Almacenamiento,1419.44,5677.76,Cancelado
ORD-10387,2024-03-10 13:38:20,CUST-1194,Teclado Mecanico RGB,5,Ciudad de Mexico,PayPal,Marketplace,5.0,Accesorios,1242.48,6212.4,Completado
ORD-10817,2024-09-06 21:25:41,CUST-1313,Router WiFi 6,2,Tijuana,Tarjeta de credito,App movil,5.0,Redes,1874.3,3748.6,Cancelado
ORD-11451,2024-03-29 21:05:22,CUST-1329,Disco SSD 1TB,1,Monterrey,Tarjeta de credito,Sitio web,3.0,Almacenamiento,1436.87,1436.87,Completado
ORD-10774,2024-07-28 22:54:06,CUST-1084,Impresora Multifuncional,2,Monterrey,Tarjeta de credito,Sitio web,5.0,Oficina,2548.12,5096.24,Completado
ORD-10816,2024-06-22 06:38:56,CUST-1175,Webcam HD 1080p,2,Queretaro,Tarjeta de credito,App movil,,Accesorios,725.85,1451.7,Completado
ORD-10421,2024-04-24 06:00:57,CUST-1131,Cargador USB-C 65W,1,Puebla,Tarjeta de credito,App movil,4.0,Accesorios,432.74,432.74,Completado
ORD-11821,2024-11-12 19:32:21,CUST-1072,Silla Ergonomica,2,Tijuana,Tarjeta de debito,App movil,5.0,Oficina,2844.89,5689.78,Completado
ORD-11087,2024-12-25 09:17:14,CUST-1254,Audifonos Bluetooth,2,Guadalajara,Tarjeta de debito,App movil,4.0,Accesorios,910.04,1820.08,Completado
ORD-10958,2024-05-14 03:27:52,CUST-1369,Audifonos Bluetooth,3,Merida,Tarjeta de debito,App movil,4.0,Accesorios,824.21,2472.63,Completado
ORD-10667,2024-08-26 12:51:09,CUST-1123,Bocina Portatil,4,Guadalajara,Tarjeta de debito,App movil,2.0,Accesorios,847.53,3390.12,Devuelto
ORD-10919,2024-05-07 05:20:45,CUST-1259,Laptop Gamer X15,1,monterrey,PayPal,Sitio web,4.0,Computo,16523.57,16523.57,Completado
ORD-11058,2024-06-16 02:03:09,CUST-1313,Cargador USB-C 65W,1,Puebla,Tarjeta de credito,Sitio web,,Accesorios,414.98,414.98,Completado
ORD-11120,2024-10-30 02:26:18,CUST-1069,Disco SSD 1TB,1,Tijuana,Transferencia,Sitio web,,Almacenamiento,1329.22,1329.22,Completado
ORD-11402,2024-10-12 11:18:26,CUST-1100,Smartwatch Fit,3,Ciudad de Mexico,Transferencia,App movil,5.0,Wearables,2296.94,6890.82,Cancelado
ORD-10661,2024-08-27 19:51:32,CUST-1230,Tablet 10 pulgadas,2,Puebla,Tarjeta de debito,App movil,,Computo,4410.93,8821.86,Cancelado
ORD-10108,2024-07-16 18:25:47,CUST-1185,Mouse Inalambrico Pro,4,Ciudad de Mexico,Transferencia,App movil,,Accesorios,317.56,1270.24,Completado
ORD-11304,2024-08-04 03:35:34,CUST-1349,Laptop Ultrabook Air,1,Ciudad de Mexico,Tarjeta de debito,Sitio web,5.0,Computo,13134.76,13134.76,Devuelto
ORD-11323,2024-05-10 19:39:48,CUST-1392,Silla Ergonomica,4,Guadalajara,Tarjeta de credito,App movil,2.0,Oficina,3263.05,13052.2,Completado
ORD-11865,2024-02-06 19:25:19,CUST-1336,Impresora Multifuncional,1,,Tarjeta de credito,Sitio web,2.0,Oficina,2859.42,2859.42,Devuelto
ORD-10037,2024-07-14 20:52:41,CUST-1009,Cargador USB-C 65W,1,Guadalajara,Transferencia,Sitio web,,Accesorios,471.19,471.19,Completado
ORD-11327,2024-04-03 14:29:30,CUST-1135,Webcam HD 1080p,3,,Transferencia,App movil,4.0,Accesorios,614.38,1843.14,Completado
ORD-11122,2024-01-04 17:17:40,CUST-1164,Silla Ergonomica,2,Guadalajara,Tarjeta de credito,Sitio web,1.0,Oficina,3169.69,6339.38,Completado
ORD-11181,2024-01-02 16:06:30,CUST-1057,Mouse Inalambrico Pro,3,Monterrey,Tarjeta de debito,Sitio web,5.0,Accesorios,322.63,967.89,Completado
ORD-11098,2024-09-28 06:23:39,CUST-1172,Impresora Multifuncional,2,Queretaro,Tarjeta de credito,App movil,2.0,Oficina,2817.34,5634.68,Cancelado
ORD-10878,2024-03-07 20:53:23,CUST-1000, Silla Ergonomica  ,5,Ciudad de Mexico,PayPal,Sitio web,5.0,Oficina,2779.98,13899.9,Devuelto
ORD-11734,2024-04-05 00:14:22,CUST-1384,Mouse Inalambrico Pro,1,tijuana,Transferencia,Sitio web,5.0,Accesorios,299.46,299.46,Completado
ORD-10011,2024-02-12 23:08:08,CUST-1348,Laptop Gamer X15,1,puebla,Tarjeta de credito,App movil,5.0,Computo,17118.64,17118.64,Completado
ORD-11974,2024-03-08 19:33:46,CUST-1054,Teclado Mecanico RGB,4,Queretaro,Transferencia,Sitio web,4.0,Accesorios,1119.53,4478.12,Completado
ORD-11750,2024-06-07 08:14:18,CUST-1197,Mouse Inalambrico Pro,1,Guadalajara,Transferencia,App movil,5.0,Accesorios,351.56,351.56,Completado
ORD-10330,2024-03-13 23:03:28,CUST-1108,Router WiFi 6,1,Tijuana,PayPal,App movil,3.0,Redes,1746.96,1746.96,Completado
ORD-11363,2024-11-01 21:45:08,CUST-1075,Cargador USB-C 65W,4,Guadalajara,PayPal,Sitio web,3.0,Accesorios,401.51,1606.04,Completado
ORD-10914,2024-03-19 02:47:25,CUST-1189,Bocina Portatil,1,Merida,Transferencia,Marketplace,5.0,Accesorios,878.7,878.7,Completado
ORD-10703,2024-09-15 02:21:01,CUST-1394,Disco SSD 1TB,1,Tijuana,Tarjeta de debito,App movil,4.0,Almacenamiento,1329.72,1329.72,Completado
ORD-10305,2024-02-03 23:01:14,CUST-1149,Smartwatch Fit,2,Puebla,PayPal,App movil,4.0,Wearables,2400.87,4801.74,Completado
ORD-11294,2024-10-20 13:21:16,CUST-1072,Audifonos Bluetooth,1,ciudad de mexico,Efectivo contra entrega,Sitio web,,Accesorios,857.21,857.21,Completado
ORD-11992,2024-06-25 05:12:41,CUST-1153,"Monitor Curvo 27""",1,Queretaro,Transferencia,Marketplace,1.0,Computo,6404.21,6404.21,Devuelto
ORD-11745,2024-10-12 23:09:48,CUST-1003,Smartwatch Fit,1,Queretaro,Tarjeta de credito,App movil,4.0,Wearables,2643.83,2643.83,Completado
ORD-11192,2024-12-05 23:07:04,CUST-1148,Impresora Multifuncional,5,Puebla,Tarjeta de debito,App movil,,Oficina,2756.55,13782.75,Completado
ORD-11276,2024-09-15 17:34:12,CUST-1390,"Monitor Curvo 27""",3,Ciudad de Mexico,Tarjeta de credito,App movil,3.0,Computo,5952.3,17856.9,Completado
ORD-10809,2024-07-21 07:23:06,CUST-1268,Audifonos Bluetooth,1,Monterrey,Transferencia,App movil,3.0,Accesorios,905.31,905.31,Completado
ORD-10653,2024-08-17 03:31:38,CUST-1043,"Monitor Curvo 27""",2,ciudad de mexico,Tarjeta de debito,App movil,5.0,Computo,6217.25,12434.5,Completado
ORD-11267,2024-09-07 11:36:36,CUST-1278,Smartwatch Fit,2,Tijuana,Tarjeta de debito,App movil,5.0,Wearables,2585.02,5170.04,Cancelado
ORD-11038,2024-10-30 14:41:20,CUST-1230,Mouse Inalambrico Pro,2,Monterrey,Tarjeta de credito,App movil,4.0,Accesorios,340.68,681.36,Devuelto
ORD-11212,2024-07-28 20:28:03,CUST-1089,"Monitor Curvo 27""",1,Puebla,PayPal,App movil,5.0,Computo,5922.07,5922.07,Completado
ORD-10652,2024-01-30 01:25:41,CUST-1149,Impresora Multifuncional,2,Monterrey,Tarjeta de debito,App movil,,Oficina,2710.46,5420.92,Completado
ORD-10436,2024-08-02 08:12:33,CUST-1389,Laptop Ultrabook Air,2,Monterrey,Tarjeta de credito,App movil,5.0,Computo,15862.04,31724.08,Completado
ORD-11735,2024-11-07 11:08:22,CUST-1170,Webcam HD 1080p,2,Queretaro,Transferencia,Marketplace,1.0,Accesorios,684.71,1369.42,Completado
ORD-11511,2024-03-16 10:40:17,CUST-1245,Router WiFi 6,4,Tijuana,PayPal,Sitio web,5.0,Redes,1855.2,7420.8,Cancelado
ORD-10884,2024-11-15 00:17:33,CUST-1316,Tablet 10 pulgadas,1,Tijuana,Tarjeta de credito,Marketplace,5.0,Computo,4541.31,4541.31,Completado
ORD-11398,2024-04-22 02:03:33,CUST-1006,Router WiFi 6,1,Puebla,Efectivo contra entrega,Sitio web,5.0,Redes,1568.61,1568.61,Completado
ORD-10416,2024-02-01 04:19:08,CUST-1343,Audifonos Bluetooth,2,monterrey,Tarjeta de credito,Sitio web,5.0,Accesorios,830.9,1661.8,Completado
ORD-10961,2024-11-17 03:45:42,CUST-1389,Mouse Inalambrico Pro,1,Merida,Transferencia,App movil,5.0,Accesorios,302.14,302.14,Completado
ORD-11032,2024-01-07 00:27:35,CUST-1119,Mouse Inalambrico Pro,2,Puebla,Transferencia,Sitio web,5.0,Accesorios,354.28,708.56,Completado
ORD-10778,2024-08-30 08:27:41,CUST-1370,Webcam HD 1080p,4,Queretaro,Tarjeta de credito,Sitio web,5.0,Accesorios,695.25,2781.0,Completado
ORD-11364,2024-06-14 20:59:17,CUST-1150,Laptop Gamer X15,2,Merida,Tarjeta de credito,Sitio web,5.0,Computo,19089.93,38179.86,Devuelto
ORD-10407,2024-11-26 03:24:25,CUST-1329,Disco SSD 1TB,2,Merida,Tarjeta de debito,App movil,5.0,Almacenamiento,1297.0,2594.0,Completado
ORD-10587,2024-10-13 17:41:35,CUST-1195,"Monitor Curvo 27""",4,Merida,Tarjeta de credito,Sitio web,3.0,Computo,6582.28,26329.12,Completado
ORD-11487,2024-10-30 22:06:12,CUST-1071,Silla Ergonomica,1,Guadalajara,Tarjeta de credito,App movil,5.0,Oficina,3150.26,3150.26,Devuelto
ORD-10796,2024-05-07 18:32:39,CUST-1040,Teclado Mecanico RGB,1,Queretaro,Tarjeta de credito,App movil,2.0,Accesorios,1157.93,1157.93,Completado
ORD-11605,2024-01-14 23:57:36,CUST-1362,Teclado Mecanico RGB,3,Guadalajara,Tarjeta de credito,Sitio web,5.0,Accesorios,1076.23,3228.69,Cancelado
ORD-11016,2024-10-28 17:34:30,CUST-1108,Mouse Inalambrico Pro,3,Tijuana,Transferencia,App movil,3.0,Accesorios,306.82,920.46,Completado
ORD-11216,2024-03-10 20:53:29,CUST-1011,Webcam HD 1080p,4,Queretaro,Tarjeta de credito,App movil,3.0,Accesorios,636.36,2545.44,Completado
ORD-10149,2024-03-17 01:12:25,CUST-1184,Laptop Gamer X15,5,Monterrey,Tarjeta de credito,App movil,5.0,Computo,16590.95,82954.75,Completado
ORD-11428,2024-04-01 20:57:51,CUST-1334,Bocina Portatil,2,Puebla,PayPal,App movil,5.0,Accesorios,761.67,1523.34,Cancelado
ORD-11664,2024-09-29 03:17:40,CUST-1190,Webcam HD 1080p,2,Merida,PayPal,Marketplace,4.0,Accesorios,721.29,1442.58,Completado
ORD-10299,2024-06-12 14:04:28,CUST-1289,Bocina Portatil,2,Monterrey,Tarjeta de credito,Sitio web,5.0,Accesorios,843.25,1686.5,Completado
ORD-11435,2024-08-30 21:21:48,CUST-1106,Teclado Mecanico RGB,5,Monterrey,Tarjeta de credito,App movil,5.0,Accesorios,1168.2,5841.0,Cancelado
ORD-10887,2024-02-13 02:31:50,CUST-1178,Disco SSD 1TB,2,Queretaro,PayPal,App movil,4.0,Almacenamiento,1297.83,2595.66,Cancelado
ORD-11802,2024-06-04 17:18:10,CUST-1312,Laptop Gamer X15,1,Merida,Tarjeta de debito,App movil,5.0,Computo,16792.79,16792.79,Completado
ORD-10240,2024-03-09 12:10:36,CUST-1013,Disco SSD 1TB,1,Guadalajara,Tarjeta de credito,App movil,5.0,Almacenamiento,1431.54,1431.54,Completado
ORD-10199,2024-08-29 04:28:01,CUST-1224,Disco SSD 1TB,2,Puebla,Tarjeta de debito,App movil,4.0,Almacenamiento,1501.56,3003.12,Devuelto
ORD-10045,2024-03-12 04:21:14,CUST-1095,Audifonos Bluetooth,5,Guadalajara,Tarjeta de debito,Sitio web,4.0,Accesorios,849.57,4247.85,Completado
ORD-11448,2024-10-29 10:46:40,CUST-1004,Smartwatch Fit,1,Guadalajara,Efectivo contra entrega,Sitio web,5.0,Wearables,2644.57,2644.57,Completado
ORD-11344,2024-12-30 00:40:44,CUST-1220,Laptop Gamer X15,3,Monterrey,PayPal,Sitio web,3.0,Computo,17176.81,51530.43,Completado
ORD-10137,2024-08-21 15:48:25,CUST-1302,Bocina Portatil,3,Monterrey,Tarjeta de credito,Sitio web,5.0,Accesorios,825.03,2475.09,Completado
ORD-11302,2024-11-18 10:48:21,CUST-1002,Teclado Mecanico RGB,4,Tijuana,Transferencia,App movil,5.0,Accesorios,1205.04,4820.16,Completado
ORD-11059,2024-05-27 00:54:48,CUST-1022,Webcam HD 1080p,1,Guadalajara,Tarjeta de debito,App movil,4.0,Accesorios,726.42,726.42,Completado
ORD-11189,2024-06-05 17:53:33,CUST-1364,Smartwatch Fit,3,Puebla,Tarjeta de debito,Sitio web,4.0,Wearables,2721.96,8165.88,Completado
ORD-11720,2024-10-04 13:08:01,CUST-1055,Impresora Multifuncional,2,merida,Transferencia,App movil,4.0,Oficina,2657.96,5315.92,Completado
ORD-11406,2024-07-01 05:04:46,CUST-1137,Laptop Gamer X15,4,Guadalajara,Tarjeta de debito,App movil,3.0,Computo,18281.55,73126.2,Completado
ORD-11687,2024-10-21 17:34:04,CUST-1118,Router WiFi 6,1,Merida,PayPal,Marketplace,5.0,Redes,1874.18,1874.18,Completado
ORD-11706,2024-10-14 03:05:17,CUST-1353,Silla Ergonomica,5,Tijuana,PayPal,Sitio web,5.0,Oficina,3167.5,15837.5,Cancelado
ORD-10381,2024-05-27 10:54:20,CUST-1344,Bocina Portatil,5,Monterrey,Transferencia,Sitio web,5.0,Accesorios,921.19,4605.95,Completado
ORD-10205,2024-02-14 17:19:16,CUST-1154,Audifonos Bluetooth,2,queretaro,Transferencia,App movil,4.0,Accesorios,944.22,1888.44,Completado
ORD-11711,2024-09-29 20:02:32,CUST-1330,Router WiFi 6,1,Guadalajara,Tarjeta de credito,Sitio web,2.0,Redes,1592.7,1592.7,Completado
ORD-11671,2024-12-30 19:24:54,CUST-1397,Teclado Mecanico RGB,4,Merida,Tarjeta de credito,App movil,,Accesorios,1138.59,4554.36,Completado
ORD-11266,2024-11-27 13:00:26,CUST-1189,Disco SSD 1TB,1,Merida,PayPal,App movil,4.0,Almacenamiento,1232.9,1232.9,Devuelto
ORD-10638,2024-11-08 11:15:38,CUST-1249,Router WiFi 6,2,Guadalajara,PayPal,Sitio web,5.0,Redes,1622.41,3244.82,Cancelado
ORD-10448,2024-03-31 02:20:53,CUST-1215,Laptop Gamer X15,1,Merida,Tarjeta de debito,Marketplace,4.0,Computo,17098.93,17098.93,Devuelto
ORD-10510,2024-10-01 09:15:38,CUST-1369,"Monitor Curvo 27""",2,Merida,PayPal,App movil,,Computo,6991.18,13982.36,Completado
ORD-10423,2024-06-11 12:57:23,CUST-1382,Tablet 10 pulgadas,1,Puebla,Tarjeta de credito,App movil,4.0,Computo,4473.94,4473.94,Completado
ORD-10006,2024-12-14 18:51:08,CUST-1155,Laptop Gamer X15,5,Tijuana,Transferencia,App movil,5.0,Computo,18343.46,91717.3,Completado
ORD-11121,2024-04-01 06:18:49,CUST-1076,Laptop Ultrabook Air,1,Tijuana,Tarjeta de credito,Marketplace,3.0,Computo,15581.25,15581.25,Cancelado
ORD-10158,2024-03-04 19:22:34,CUST-1002,Teclado Mecanico RGB,1,Puebla,Transferencia,Sitio web,5.0,Accesorios,1051.55,1051.55,Completado
ORD-11210,2024-04-02 04:35:12,CUST-1245,Mouse Inalambrico Pro,2,Merida,Transferencia,Marketplace,5.0,Accesorios,366.8,733.6,Completado
ORD-10032,2024-07-20 10:54:52,CUST-1369,Audifonos Bluetooth,2,Queretaro,Tarjeta de debito,App movil,5.0,Accesorios,816.78,1633.56,Completado
ORD-11400,2024-11-26 16:15:58,CUST-1114,Audifonos Bluetooth,2,Merida,Tarjeta de debito,App movil,5.0,Accesorios,928.88,1857.76,Completado
ORD-10156,2024-11-11 12:10:19,CUST-1174,Webcam HD 1080p,1,Queretaro,Tarjeta de credito,Sitio web,3.0,Accesorios,717.92,717.92,Completado
ORD-10521,2024-11-10 06:50:26,CUST-1054,Disco SSD 1TB,2,Puebla,Efectivo contra entrega,App movil,3.0,Almacenamiento,1351.41,2702.82,Completado
ORD-10490,2024-11-15 02:58:18,CUST-1215,Bocina Portatil,1,Guadalajara,PayPal,App movil,5.0,Accesorios,781.82,781.82,Completado
ORD-11004,2024-06-05 14:55:36,CUST-1135,Bocina Portatil,2,merida,Transferencia,App movil,5.0,Accesorios,819.92,1639.84,Completado
ORD-11282,2024-09-11 19:58:53,CUST-1047,Tablet 10 pulgadas,1,Guadalajara,PayPal,Sitio web,3.0,Computo,4484.3,4484.3,Completado
ORD-11195,2024-02-15 03:20:51,CUST-1240,Laptop Gamer X15,-3,Merida,PayPal,App movil,5.0,Computo,17094.7,-51284.100000000006,Completado
ORD-11239,2024-12-23 15:25:18,CUST-1027,Disco SSD 1TB,5,Merida,Tarjeta de debito,App movil,5.0,Almacenamiento,1247.36,6236.8,Completado
ORD-10593,2024-10-09 00:01:59,CUST-1363,Tablet 10 pulgadas,4,Guadalajara,PayPal,Marketplace,4.0,Computo,4229.52,16918.08,Devuelto
ORD-10339,2024-12-03 12:46:02,CUST-1049,"Monitor Curvo 27""",1,Merida,Tarjeta de debito,Sitio web,3.0,Computo,6539.99,6539.99,Completado
ORD-11981,2024-08-31 20:48:54,CUST-1172,Laptop Gamer X15,5,Merida,Efectivo contra entrega,App movil,5.0,Computo,18062.65,90313.25,Completado
ORD-11548,2024-08-06 16:08:54,CUST-1187,Silla Ergonomica,1,Merida,PayPal,App movil,5.0,Oficina,2810.42,2810.42,Completado
ORD-10622,2024-01-01 21:35:13,CUST-1128,Audifonos Bluetooth,3,Ciudad de Mexico,PayPal,Sitio web,5.0,Accesorios,990.59,2971.77,Completado
ORD-10994,2024-02-28 00:00:10,CUST-1204,Laptop Gamer X15,3,Merida,Efectivo contra entrega,Sitio web,,Computo,17704.29,53112.87,Completado
ORD-11956,2024-12-24 22:57:03,CUST-1028,Teclado Mecanico RGB,1,Tijuana,Transferencia,Sitio web,3.0,Accesorios,1090.8,1090.8,Completado
ORD-10406,2024-10-22 14:53:59,CUST-1193,Smartwatch Fit,5,Merida,Efectivo contra entrega,App movil,3.0,Wearables,2594.12,12970.6,Completado
ORD-10939,2024-02-19 03:43:25,CUST-1297,Smartwatch Fit,4,Tijuana,Tarjeta de credito,Sitio web,,Wearables,2548.57,10194.28,Completado
ORD-10545,2024-09-06 12:30:45,CUST-1378,Disco SSD 1TB,1,Puebla,Tarjeta de debito,Sitio web,3.0,Almacenamiento,1429.1,1429.1,Completado
ORD-11811,2024-03-15 02:50:48,CUST-1187,Tablet 10 pulgadas,2,Puebla,PayPal,Marketplace,5.0,Computo,4124.32,8248.64,Completado
ORD-11578,2024-03-15 15:33:32,CUST-1171,"Monitor Curvo 27""",5,Queretaro,Tarjeta de credito,Sitio web,4.0,Computo,6616.22,33081.1,Completado
ORD-11421,2024-02-11 17:11:05,CUST-1213,Impresora Multifuncional,3,Puebla,PayPal,App movil,2.0,Oficina,2613.64,7840.92,Devuelto
ORD-11459,2024-07-21 16:22:06,CUST-1323,Teclado Mecanico RGB,3,Ciudad de Mexico,Transferencia,App movil,5.0,Accesorios,1227.25,3681.75,Completado
ORD-10681,2024-01-03 19:22:14,CUST-1160,"Monitor Curvo 27""",4,Merida,Efectivo contra entrega,Sitio web,5.0,Computo,6076.46,24305.84,Completado
ORD-10895,2024-06-26 21:36:20,CUST-1360,Tablet 10 pulgadas,1,Ciudad de Mexico,PayPal,Sitio web,5.0,Computo,4713.33,4713.33,Completado
ORD-10153,2024-10-24 22:28:15,CUST-1018,Audifonos Bluetooth,1,Tijuana,Tarjeta de credito,App movil,4.0,Accesorios,858.68,858.68,Devuelto
ORD-10122,2024-04-20 01:41:06,CUST-1171,Tablet 10 pulgadas,5,,Efectivo contra entrega,Sitio web,,Computo,4699.11,23495.55,Completado
ORD-11880,2024-07-05 16:21:14,CUST-1055,Webcam HD 1080p,2,Ciudad de Mexico,Transferencia,App movil,5.0,Accesorios,707.19,1414.38,Completado
ORD-10120,2024-05-14 08:14:59,CUST-1226,Webcam HD 1080p,1,Puebla,Tarjeta de credito,App movil,3.0,Accesorios,650.96,650.96,Cancelado
ORD-11637,2024-11-03 02:52:21,CUST-1018,Audifonos Bluetooth,3,Puebla,Tarjeta de credito,Sitio web,4.0,Accesorios,935.83,2807.49,Completado
ORD-10846,2024-01-29 14:20:51,CUST-1189,Disco SSD 1TB,5,Tijuana,Tarjeta de credito,App movil,5.0,Almacenamiento,1390.18,6950.9,Completado
ORD-10600,2024-02-07 21:51:06,CUST-1307,Laptop Ultrabook Air,5,Puebla,Transferencia,Sitio web,4.0,Computo,15903.3,79516.5,Completado
ORD-10463,2024-10-19 08:04:03,CUST-1362,Impresora Multifuncional,3,Puebla,Tarjeta de credito,Sitio web,3.0,Oficina,2907.86,8723.58,Completado
ORD-11588,2024-03-14 05:44:36,CUST-1267,Tablet 10 pulgadas,2,Guadalajara,Tarjeta de credito,Marketplace,4.0,Computo,4063.72,8127.44,Completado
ORD-11366,2024-04-10 20:34:53,CUST-1147,Smartwatch Fit,1,Merida,Tarjeta de debito,App movil,4.0,Wearables,2520.31,2520.31,Cancelado
ORD-11358,2024-11-09 20:24:19,CUST-1328,Laptop Gamer X15,1,Monterrey,Tarjeta de debito,Sitio web,4.0,Computo,17992.19,17992.19,Completado
ORD-11971,2024-04-18 04:05:34,CUST-1366,"Monitor Curvo 27""",1,Monterrey,PayPal,Sitio web,4.0,Computo,6397.98,6397.98,Completado
ORD-11784,2024-03-25 21:23:08,CUST-1075,Audifonos Bluetooth,2,Merida,Tarjeta de debito,Marketplace,4.0,Accesorios,876.28,1752.56,Cancelado
ORD-11258,2024-05-24 16:56:56,CUST-1206,Teclado Mecanico RGB,1,Tijuana,Tarjeta de credito,App movil,4.0,Accesorios,1118.22,1118.22,Completado
ORD-10586,2024-04-14 02:50:51,CUST-1398,"Monitor Curvo 27""",4,Guadalajara,Tarjeta de credito,App movil,4.0,Computo,6300.32,25201.28,Completado
ORD-11273,2024-05-10 23:52:35,CUST-1273,Smartwatch Fit,3,Monterrey,Tarjeta de debito,Marketplace,2.0,Wearables,2225.52,6676.56,Completado
ORD-10946,2024-01-27 13:29:57,CUST-1200,Cargador USB-C 65W,4,Merida,Tarjeta de debito,App movil,4.0,Accesorios,464.2,1856.8,Completado
ORD-11580,2024-04-06 19:54:17,CUST-1014,Disco SSD 1TB,1,Tijuana,Transferencia,App movil,4.0,Almacenamiento,1232.74,1232.74,Completado
ORD-11527,2024-05-19 00:54:55,CUST-1063,Mouse Inalambrico Pro,2,Merida,Efectivo contra entrega,App movil,5.0,Accesorios,313.94,627.88,Completado
ORD-11560,2024-06-13 19:00:13,CUST-1255,"Monitor Curvo 27""",2,Queretaro,Tarjeta de credito,Sitio web,5.0,Computo,7032.7,14065.4,Completado
ORD-10522,2024-10-19 22:13:42,CUST-1327,Webcam HD 1080p,5,Monterrey,Efectivo contra entrega,App movil,1.0,Accesorios,691.2,3456.0,Completado
ORD-10197,2024-12-14 10:01:52,CUST-1147,Silla Ergonomica,1,Merida,PayPal,Sitio web,4.0,Oficina,3098.5,3098.5,Devuelto
ORD-11230,2024-03-08 17:18:48,CUST-1244,Bocina Portatil,2,Merida,Tarjeta de debito,Sitio web,4.0,Accesorios,782.24,1564.48,Devuelto
ORD-10150,2024-07-18 21:44:12,CUST-1317,Webcam HD 1080p,2,Monterrey,Tarjeta de credito,Sitio web,4.0,Accesorios,702.79,1405.58,Completado
ORD-10528,2024-12-09 21:19:10,CUST-1324,Router WiFi 6,3,Monterrey,Tarjeta de credito,Sitio web,,Redes,1728.22,5184.66,Devuelto
ORD-10690,2024-04-24 09:43:27,CUST-1173,Smartwatch Fit,1,Merida,Tarjeta de credito,Sitio web,5.0,Wearables,2442.77,2442.77,Completado
ORD-10180,2024-07-27 15:35:56,CUST-1040,Smartwatch Fit,4,Queretaro,Efectivo contra entrega,App movil,5.0,Wearables,2660.39,10641.56,Completado
ORD-11315,2024-10-15 00:26:11,CUST-1306,Audifonos Bluetooth,1,Guadalajara,Efectivo contra entrega,App movil,4.0,Accesorios,942.44,942.44,Completado
ORD-10992,2024-03-02 18:47:13,CUST-1380,Router WiFi 6,1,Guadalajara,Tarjeta de credito,Sitio web,4.0,Redes,1552.98,1552.98,Completado
ORD-11465,2024-11-19 03:09:52,CUST-1270,Mouse Inalambrico Pro,1,Puebla,Tarjeta de credito,App movil,,Accesorios,362.22,362.22,Completado
ORD-10832,2024-01-08 14:07:29,CUST-1070,Router WiFi 6,4,Puebla,Tarjeta de credito,Sitio web,3.0,Redes,1648.33,6593.32,Completado
ORD-11198,2024-02-23 20:01:45,CUST-1110,Smartwatch Fit,4,Monterrey,Tarjeta de credito,Sitio web,5.0,Wearables,2505.85,10023.4,Completado
ORD-11483,2024-12-12 02:59:29,CUST-1185,Bocina Portatil,1,Monterrey,PayPal,Sitio web,5.0,Accesorios,766.45,766.45,Completado
ORD-10650,2024-12-25 11:42:24,CUST-1383,Audifonos Bluetooth,5,Merida,Transferencia,Sitio web,4.0,Accesorios,821.92,4109.6,Completado
ORD-10257,2024-07-03 13:46:56,CUST-1135,Laptop Gamer X15,2,Monterrey,Tarjeta de debito,App movil,4.0,Computo,18741.52,37483.04,Completado
ORD-11433,2024-01-27 22:38:39,CUST-1108,Teclado Mecanico RGB,2,Queretaro,Tarjeta de debito,Sitio web,5.0,Accesorios,1173.04,2346.08,Devuelto
ORD-11045,2024-04-04 21:23:30,CUST-1173,Teclado Mecanico RGB,5,Puebla,Tarjeta de credito,Sitio web,,Accesorios,1220.11,6100.55,Completado
ORD-11591,2024-10-09 06:08:15,CUST-1354,Router WiFi 6,5,Ciudad de Mexico,PayPal,Marketplace,5.0,Redes,1851.19,9255.95,Completado
ORD-11724,2024-12-12 19:35:58,CUST-1250,Tablet 10 pulgadas,1,Queretaro,Transferencia,Sitio web,4.0,Computo,3838.35,3838.35,Devuelto
ORD-11336,2024-03-29 03:06:33,CUST-1225,Teclado Mecanico RGB,3,Merida,Transferencia,Marketplace,,Accesorios,1044.66,3133.98,Completado
ORD-11501,2024-02-24 22:57:26,CUST-1172,Cargador USB-C 65W,4,,Tarjeta de credito,App movil,4.0,Accesorios,418.64,1674.56,Cancelado
ORD-10474,2024-12-12 15:26:39,CUST-1198,Cargador USB-C 65W,2,Guadalajara,Transferencia,App movil,4.0,Accesorios,401.73,803.46,Completado
ORD-11669,2024-03-23 20:12:36,CUST-1327,Laptop Gamer X15,1,Ciudad de Mexico,Tarjeta de credito,Marketplace,2.0,Computo,19124.85,19124.85,Completado
ORD-10118,2024-08-14 15:12:56,CUST-1293, Webcam HD 1080p  ,1,Puebla,Tarjeta de credito,Sitio web,4.0,Accesorios,596.09,596.09,Completado
ORD-10178,2024-01-02 06:18:12,CUST-1039,Webcam HD 1080p,1,Merida,Tarjeta de debito,Sitio web,5.0,Accesorios,692.5,692.5,Devuelto
ORD-10686,2024-07-07 06:46:32,CUST-1066,Silla Ergonomica,2,Tijuana,Tarjeta de credito,Sitio web,5.0,Oficina,3094.72,6189.44,Completado
ORD-10297,2024-10-29 19:50:24,CUST-1258,Disco SSD 1TB,1,Queretaro,Tarjeta de debito,App movil,3.0,Almacenamiento,1425.1,1425.1,Devuelto
ORD-11623,2024-05-16 15:31:47,CUST-1360,Laptop Gamer X15,5,Tijuana,Tarjeta de credito,App movil,3.0,Computo,17036.1,85180.5,Completado
ORD-10761,2024-07-21 17:07:17,CUST-1368,Smartwatch Fit,5,Queretaro,Transferencia,Sitio web,2.0,Wearables,2430.39,12151.95,Completado
ORD-11885,2024-05-28 20:29:00,CUST-1300,Cargador USB-C 65W,2,Ciudad de Mexico,PayPal,App movil,2.0,Accesorios,458.85,917.7,Devuelto
ORD-10109,2024-04-10 08:48:27,CUST-1015,Tablet 10 pulgadas,2,Tijuana,PayPal,App movil,4.0,Computo,4392.45,8784.9,Completado
ORD-11868,2024-10-31 14:21:19,CUST-1259,Impresora Multifuncional,1,Monterrey,Tarjeta de credito,Marketplace,,Oficina,2878.74,2878.74,Completado
ORD-10542,2024-03-17 19:56:50,CUST-1150, Impresora Multifuncional  ,2,ciudad de mexico,Tarjeta de credito,App movil,3.0,Oficina,2628.92,5257.84,Completado
ORD-11329,2024-07-31 17:10:35,CUST-1170,Laptop Ultrabook Air,1,Merida,Transferencia,App movil,3.0,Computo,14052.9,14052.9,Completado
ORD-10935,2024-10-25 09:41:10,CUST-1396,Laptop Ultrabook Air,1,Monterrey,Efectivo contra entrega,Sitio web,4.0,Computo,13033.29,13033.29,Completado
ORD-10649,2024-01-03 18:43:54,CUST-1358,Audifonos Bluetooth,2,Queretaro,Tarjeta de debito,App movil,5.0,Accesorios,978.09,1956.18,Cancelado
ORD-10712,2024-10-10 09:47:30,CUST-1012,Webcam HD 1080p,3,Ciudad de Mexico,Transferencia,App movil,5.0,Accesorios,643.42,1930.26,Completado
ORD-11790,2024-01-31 08:37:43,CUST-1055,Bocina Portatil,1,Monterrey,Tarjeta de debito,Sitio web,4.0,Accesorios,759.17,759.17,Cancelado
ORD-11044,2024-11-27 17:52:40,CUST-1316,Tablet 10 pulgadas,3,Monterrey,Tarjeta de credito,Sitio web,3.0,Computo,4096.28,12288.84,Completado
ORD-11242,2024-11-27 14:37:01,CUST-1294,Mouse Inalambrico Pro,4,Monterrey,Transferencia,Sitio web,5.0,Accesorios,319.95,1279.8,Cancelado
ORD-11034,2024-11-02 12:55:11,CUST-1038,Mouse Inalambrico Pro,5,Tijuana,Transferencia,App movil,5.0,Accesorios,310.45,1552.25,Completado
ORD-10732,2024-04-30 07:27:51,CUST-1026,Router WiFi 6,4,Queretaro,Tarjeta de credito,Sitio web,5.0,Redes,1646.71,6586.84,Completado
ORD-10917,2024-01-11 04:23:31,CUST-1325,Audifonos Bluetooth,1,Ciudad de Mexico,Tarjeta de credito,Marketplace,5.0,Accesorios,901.86,901.86,Completado
ORD-11125,2024-01-15 21:48:59,CUST-1153,Audifonos Bluetooth,1,Monterrey,Transferencia,Sitio web,5.0,Accesorios,962.42,962.42,Completado
ORD-11613,2024-07-07 06:39:41,CUST-1165,Laptop Ultrabook Air,1,Queretaro,Tarjeta de debito,Sitio web,5.0,Computo,15765.56,15765.56,Completado
ORD-10139,2024-09-19 04:52:02,CUST-1251,Laptop Gamer X15,1,Merida,Transferencia,App movil,4.0,Computo,17269.12,17269.12,Cancelado
ORD-10223,2024-05-15 07:32:26,CUST-1289,Laptop Ultrabook Air,1,Puebla,Tarjeta de credito,App movil,5.0,Computo,13137.42,13137.42,Completado
ORD-10075,2024-09-29 04:42:13,CUST-1060,"Monitor Curvo 27""",1,Queretaro,Tarjeta de credito,Sitio web,5.0,Computo,6298.91,6298.91,Completado
ORD-10882,2024-01-12 06:23:32,CUST-1120,Router WiFi 6,5,Tijuana,Efectivo contra entrega,App movil,4.0,Redes,1680.7,8403.5,Completado
ORD-11596,2024-09-22 03:55:14,CUST-1036,Teclado Mecanico RGB,1,Tijuana,Efectivo contra entrega,App movil,4.0,Accesorios,1151.07,1151.07,Completado
ORD-11229,2024-11-28 19:35:34,CUST-1354,Disco SSD 1TB,2,Tijuana,Efectivo contra entrega,Sitio web,,Almacenamiento,1363.15,2726.3,Completado
ORD-10643,2024-09-29 18:14:49,CUST-1033,Teclado Mecanico RGB,1,Ciudad de Mexico,Transferencia,Sitio web,2.0,Accesorios,1118.51,1118.51,Completado
ORD-11332,2024-11-17 19:26:11,CUST-1195,Laptop Ultrabook Air,2,Puebla,Tarjeta de credito,App movil,4.0,Computo,15538.88,31077.76,Cancelado
ORD-10588,2024-10-09 19:04:17,CUST-1354,"Monitor Curvo 27""",4,Guadalajara,PayPal,Sitio web,5.0,Computo,6133.77,24535.08,Completado
ORD-11999,2024-10-18 08:17:55,CUST-1373,Cargador USB-C 65W,1,Guadalajara,Tarjeta de credito,Sitio web,5.0,Accesorios,420.56,420.56,Completado
ORD-11384,2024-03-09 04:25:04,CUST-1367,Teclado Mecanico RGB,1,Ciudad de Mexico,Tarjeta de credito,Marketplace,5.0,Accesorios,1226.63,1226.63,Completado
ORD-11309,2024-06-12 23:21:26,CUST-1266,Bocina Portatil,5,,Tarjeta de debito,App movil,5.0,Accesorios,867.82,4339.1,Cancelado
ORD-10708,2024-03-05 13:35:07,CUST-1124,Tablet 10 pulgadas,1,Ciudad de Mexico,PayPal,App movil,,Computo,4175.83,4175.83,Cancelado
ORD-11148,2024-04-12 21:49:59,CUST-1279,Cargador USB-C 65W,5,Ciudad de Mexico,PayPal,Marketplace,4.0,Accesorios,388.96,1944.8,Completado
ORD-10623,2024-08-17 09:05:45,CUST-1115,Audifonos Bluetooth,5,Puebla,Tarjeta de credito,App movil,5.0,Accesorios,883.04,4415.2,Completado
ORD-10723,2024-11-17 10:20:08,CUST-1227,Silla Ergonomica,2,Tijuana,Tarjeta de credito,Marketplace,2.0,Oficina,3123.69,6247.38,Completado
ORD-11754,2024-04-23 00:13:39,CUST-1304,Cargador USB-C 65W,3,Tijuana,Efectivo contra entrega,Sitio web,5.0,Accesorios,418.13,1254.39,Completado
ORD-11508,2024-08-07 07:47:09,CUST-1200,Laptop Gamer X15,2,Ciudad de Mexico,Tarjeta de debito,App movil,5.0,Computo,17100.64,34201.28,Completado
ORD-11644,2024-01-29 19:10:59,CUST-1160,Laptop Ultrabook Air,5,Tijuana,Tarjeta de credito,Sitio web,3.0,Computo,15380.83,76904.15,Cancelado
ORD-11546,2024-10-29 16:58:35,CUST-1159,Smartwatch Fit,2,Ciudad de Mexico,Efectivo contra entrega,Sitio web,5.0,Wearables,2280.66,4561.32,Completado
ORD-10395,2024-10-17 16:41:44,CUST-1383,Bocina Portatil,5,Ciudad de Mexico,Efectivo contra entrega,App movil,4.0,Accesorios,861.32,4306.6,Completado
ORD-10839,2024-08-20 05:02:22,CUST-1279,Bocina Portatil,1,Monterrey,Efectivo contra entrega,App movil,3.0,Accesorios,915.96,915.96,Completado
ORD-11208,2024-05-05 09:33:57,CUST-1367,Cargador USB-C 65W,3,Merida,Transferencia,Marketplace,4.0,Accesorios,429.39,1288.17,Completado
ORD-11079,2024-04-15 07:23:56,CUST-1379,Mouse Inalambrico Pro,1,Ciudad de Mexico,Tarjeta de debito,App movil,3.0,Accesorios,339.4,339.4,Devuelto
ORD-11314,2024-12-09 18:28:48,CUST-1386,Cargador USB-C 65W,4,Guadalajara,Efectivo contra entrega,App movil,,Accesorios,402.54,1610.16,Completado
ORD-11740,2024-12-20 10:24:03,CUST-1127,Webcam HD 1080p,1,Ciudad de Mexico,Tarjeta de credito,Sitio web,5.0,Accesorios,623.8,623.8,Completado
ORD-11869,2024-11-03 14:47:39,CUST-1157,"Monitor Curvo 27""",4,Queretaro,Tarjeta de debito,App movil,5.0,Computo,6688.45,26753.8,Completado
ORD-10165,2024-02-15 12:14:01,CUST-1074,Laptop Gamer X15,1,Merida,Tarjeta de credito,App movil,4.0,Computo,16898.0,16898.0,Cancelado
ORD-11756,2024-08-23 18:56:03,CUST-1167,Tablet 10 pulgadas,1,Queretaro,PayPal,Sitio web,4.0,Computo,4232.88,4232.88,Completado
ORD-10115,2024-09-09 10:42:12,CUST-1365,Disco SSD 1TB,1,merida,Tarjeta de debito,Sitio web,5.0,Almacenamiento,1270.34,1270.34,Completado
ORD-10682,2024-07-18 02:58:17,CUST-1370,Silla Ergonomica,3,Merida,Transferencia,Sitio web,4.0,Oficina,3245.25,9735.75,Completado
ORD-10310,2024-05-19 07:11:52,CUST-1251,Cargador USB-C 65W,1,Puebla,Tarjeta de credito,App movil,5.0,Accesorios,414.03,414.03,Completado
ORD-11900,2024-10-03 15:41:24,CUST-1068,Impresora Multifuncional,1,Tijuana,Transferencia,Sitio web,4.0,Oficina,2394.64,2394.64,Completado
ORD-10475,2024-05-13 14:08:52,CUST-1233,Laptop Gamer X15,1,puebla,Transferencia,App movil,4.0,Computo,18731.96,18731.96,Completado
ORD-10420,2024-06-07 07:33:37,CUST-1023,"Monitor Curvo 27""",1,Guadalajara,Transferencia,App movil,3.0,Computo,6196.45,6196.45,Completado
ORD-11222,2024-11-01 23:43:39,CUST-1377,"Monitor Curvo 27""",2,Guadalajara,Transferencia,Sitio web,5.0,Computo,6442.52,12885.04,Completado
ORD-10554,2024-01-05 22:34:50,CUST-1328,Laptop Ultrabook Air,5,Guadalajara,Transferencia,App movil,3.0,Computo,14833.57,74167.85,Completado
ORD-11602,2024-04-04 06:20:19,CUST-1286,Bocina Portatil,1,Monterrey,Transferencia,App movil,5.0,Accesorios,858.48,858.48,Completado
ORD-11337,2024-03-10 01:06:34,CUST-1269,Teclado Mecanico RGB,1,Queretaro,Efectivo contra entrega,App movil,2.0,Accesorios,1085.79,1085.79,Completado
ORD-10218,2024-12-29 04:17:25,CUST-1284,Webcam HD 1080p,1,Merida,Tarjeta de credito,Sitio web,4.0,Accesorios,702.22,702.22,Completado
ORD-10211,2024-05-24 08:09:17,CUST-1334,Audifonos Bluetooth,4,Queretaro,Tarjeta de debito,Marketplace,5.0,Accesorios,811.72,3246.88,Devuelto
ORD-10634,2024-05-16 04:22:58,CUST-1144,Teclado Mecanico RGB,1,Tijuana,Efectivo contra entrega,Marketplace,5.0,Accesorios,1025.48,1025.48,Completado
ORD-10054,2024-08-12 20:59:09,CUST-1308,Teclado Mecanico RGB,1,Tijuana,Transferencia,Sitio web,2.0,Accesorios,1047.42,1047.42,Completado
ORD-11078,2024-10-09 02:24:37,CUST-1196,Tablet 10 pulgadas,2,Puebla,Tarjeta de credito,Marketplace,5.0,Computo,3928.18,7856.36,Completado
ORD-11553,2024-07-05 14:05:18,CUST-1385,Router WiFi 6,1,queretaro,Tarjeta de credito,App movil,4.0,Redes,1872.85,1872.85,Completado
ORD-10648,2024-09-09 00:13:52,CUST-1120,Laptop Gamer X15,2,Tijuana,Transferencia,Marketplace,,Computo,18601.01,37202.02,Completado
ORD-11979,2024-02-07 16:51:35,CUST-1184,Cargador USB-C 65W,5,Guadalajara,Tarjeta de credito,App movil,4.0,Accesorios,437.2,2186.0,Completado
ORD-11689,2024-06-12 17:54:39,CUST-1204,Laptop Ultrabook Air,2,Tijuana,Efectivo contra entrega,App movil,5.0,Computo,13617.07,27234.14,Completado
ORD-11616,2024-06-16 10:54:51,CUST-1311,Mouse Inalambrico Pro,1,Ciudad de Mexico,PayPal,Marketplace,4.0,Accesorios,340.99,340.99,Completado
ORD-11346,2024-02-02 13:10:34,CUST-1135,Laptop Gamer X15,2,Guadalajara,PayPal,Marketplace,5.0,Computo,16858.62,33717.24,Completado
ORD-11353,2024-12-26 00:15:35,CUST-1291,"Monitor Curvo 27""",4,Merida,Tarjeta de debito,Marketplace,5.0,Computo,5859.38,23437.52,Completado
ORD-10718,2024-11-30 01:26:09,CUST-1052,"Monitor Curvo 27""",1,Monterrey,Tarjeta de credito,App movil,5.0,Computo,6859.75,6859.75,Completado
ORD-11892,2024-03-08 08:30:37,CUST-1014,Silla Ergonomica,5,Puebla,Efectivo contra entrega,Marketplace,3.0,Oficina,2792.11,13960.55,Completado
ORD-11860,2024-11-18 21:21:16,CUST-1129,Disco SSD 1TB,3,Queretaro,PayPal,Sitio web,2.0,Almacenamiento,1455.08,4365.24,Completado
ORD-10147,2024-07-02 22:01:31,CUST-1256,Disco SSD 1TB,3,Merida,Tarjeta de debito,Sitio web,5.0,Almacenamiento,1304.02,3912.06,Completado
ORD-10953,2024-01-04 03:17:44,CUST-1363,Silla Ergonomica,5,Monterrey,Tarjeta de debito,Marketplace,5.0,Oficina,2805.06,14025.3,Completado
ORD-10254,2024-04-04 22:26:16,CUST-1269,Cargador USB-C 65W,1,Guadalajara,Tarjeta de debito,Sitio web,2.0,Accesorios,417.49,417.49,Completado
ORD-10106,2024-05-15 23:42:59,CUST-1095,Audifonos Bluetooth,1,Merida,PayPal,Sitio web,5.0,Accesorios,827.79,827.79,Completado
ORD-10565,2024-03-03 09:57:16,CUST-1341,Teclado Mecanico RGB,4,Monterrey,Tarjeta de credito,Marketplace,3.0,Accesorios,1082.81,4331.24,Completado
ORD-10392,2024-03-21 22:13:56,CUST-1271,Tablet 10 pulgadas,1,Ciudad de Mexico,Tarjeta de credito,Sitio web,5.0,Computo,4636.4,4636.4,Completado
ORD-11576,2024-04-09 20:39:14,CUST-1369,Router WiFi 6,1,Puebla,Transferencia,Sitio web,1.0,Redes,1879.07,1879.07,Completado
ORD-11964,2024-11-08 08:17:01,CUST-1234,Silla Ergonomica,1,Monterrey,Tarjeta de credito,Marketplace,5.0,Oficina,3123.69,3123.69,Completado
ORD-10230,2024-05-06 19:59:21,CUST-1114,Tablet 10 pulgadas,1,Ciudad de Mexico,PayPal,Sitio web,4.0,Computo,4350.51,4350.51,Devuelto
ORD-10146,2024-09-04 06:24:04,CUST-1228,Smartwatch Fit,1,Guadalajara,PayPal,Sitio web,5.0,Wearables,2667.55,2667.55,Completado
ORD-11936,2024-01-11 10:37:58,CUST-1227,Cargador USB-C 65W,4,Puebla,Tarjeta de debito,App movil,5.0,Accesorios,417.97,1671.88,Completado
ORD-11019,2024-10-03 21:46:02,CUST-1033,Laptop Gamer X15,1,Guadalajara,PayPal,App movil,1.0,Computo,17128.26,17128.26,Completado
ORD-10167,2024-02-15 10:37:52,CUST-1339,"Monitor Curvo 27""",-4,Ciudad de Mexico,Transferencia,App movil,3.0,Computo,7038.78,-28155.12,Cancelado
ORD-10956,2024-09-16 09:19:52,CUST-1321,Cargador USB-C 65W,2,Merida,Efectivo contra entrega,Marketplace,4.0,Accesorios,445.91,891.82,Completado
ORD-10052,2024-04-02 21:42:48,CUST-1016,Webcam HD 1080p,1,Tijuana,Tarjeta de credito,App movil,2.0,Accesorios,615.27,615.27,Completado
ORD-10598,2024-07-21 05:07:32,CUST-1103,Smartwatch Fit,2,Queretaro,Tarjeta de credito,Marketplace,4.0,Wearables,2448.11,4896.22,Devuelto
ORD-10808,2024-11-26 00:35:19,CUST-1223,Cargador USB-C 65W,1,Monterrey,Tarjeta de credito,Sitio web,4.0,Accesorios,419.12,419.12,Completado
ORD-10685,2024-09-08 19:07:58,CUST-1155,Impresora Multifuncional,1,Guadalajara,Tarjeta de debito,Marketplace,5.0,Oficina,2908.39,2908.39,Completado
ORD-11722,2024-10-18 20:09:44,CUST-1314,"Monitor Curvo 27""",4,Monterrey,Efectivo contra entrega,Sitio web,5.0,Computo,6418.4,25673.6,Cancelado
ORD-11325,2024-06-24 21:00:46,CUST-1072,Cargador USB-C 65W,3,Puebla,PayPal,Sitio web,,Accesorios,384.17,1152.51,Devuelto
ORD-10399,2024-01-05 05:47:44,CUST-1058,Bocina Portatil,2,Tijuana,Transferencia,Sitio web,5.0,Accesorios,787.46,1574.92,Completado
ORD-11555,2024-04-23 13:31:39,CUST-1231,Mouse Inalambrico Pro,1,Tijuana,Tarjeta de debito,App movil,5.0,Accesorios,329.56,329.56,Completado
ORD-10651,2024-05-12 00:31:34,CUST-1153,Audifonos Bluetooth,1,Monterrey,PayPal,Marketplace,5.0,Accesorios,977.13,977.13,Completado
ORD-11186,2024-04-25 21:31:28,CUST-1158, Laptop Gamer X15  ,2,Guadalajara,Tarjeta de debito,Sitio web,5.0,Computo,18860.55,37721.1,Completado
ORD-10858,2024-11-13 16:53:22,CUST-1037,Disco SSD 1TB,4,Ciudad de Mexico,PayPal,Sitio web,3.0,Almacenamiento,1452.11,5808.44,Completado
ORD-10468,2024-07-06 05:55:44,CUST-1131,Router WiFi 6,1,Merida,Transferencia,App movil,5.0,Redes,1700.19,1700.19,Completado
ORD-11585,2024-11-16 00:00:14,CUST-1385,Mouse Inalambrico Pro,1,Tijuana,Tarjeta de credito,Sitio web,5.0,Accesorios,325.15,325.15,Completado
ORD-11771,2024-08-11 02:54:25,CUST-1327,Bocina Portatil,1,Puebla,PayPal,App movil,5.0,Accesorios,818.88,818.88,Completado
ORD-10347,2024-06-27 06:54:24,CUST-1209,Impresora Multifuncional,5,Monterrey,Tarjeta de debito,App movil,,Oficina,2739.85,13699.25,Completado
ORD-10280,2024-04-12 03:52:03,CUST-1290,Impresora Multifuncional,5,Queretaro,Tarjeta de credito,Sitio web,1.0,Oficina,2798.96,13994.8,Completado
ORD-10990,2024-01-25 08:42:41,CUST-1182,Router WiFi 6,1,Puebla,Efectivo contra entrega,App movil,1.0,Redes,1535.5,1535.5,Completado
ORD-11729,2024-12-23 16:36:14,CUST-1301,Webcam HD 1080p,2,Guadalajara,Tarjeta de credito,Sitio web,3.0,Accesorios,631.4,1262.8,Completado
ORD-10715,2024-10-16 12:12:04,CUST-1078,Audifonos Bluetooth,5,monterrey,Tarjeta de credito,App movil,5.0,Accesorios,893.54,4467.7,Cancelado
ORD-10009,2024-03-13 09:36:34,CUST-1075,Bocina Portatil,1,Merida,PayPal,Marketplace,5.0,Accesorios,902.78,902.78,Completado
ORD-10740,2024-08-13 21:03:46,CUST-1182,Silla Ergonomica,2,Ciudad de Mexico,Tarjeta de debito,Sitio web,5.0,Oficina,2999.39,5998.78,Completado
ORD-10270,2024-01-19 11:17:54,CUST-1179,Cargador USB-C 65W,3,Guadalajara,Tarjeta de credito,App movil,3.0,Accesorios,437.67,1313.01,Cancelado
ORD-11701,2024-12-07 12:55:22,CUST-1022,Laptop Gamer X15,3,Guadalajara,Transferencia,Sitio web,4.0,Computo,16845.64,50536.92,Completado
ORD-10285,2024-01-17 03:07:17,CUST-1279,Impresora Multifuncional,2,Tijuana,Tarjeta de debito,Sitio web,5.0,Oficina,2753.22,5506.44,Completado
ORD-10541,2024-04-16 06:13:59,CUST-1050,"Monitor Curvo 27""",1,Tijuana,Tarjeta de debito,Marketplace,,Computo,6065.11,6065.11,Completado
ORD-10741,2024-12-25 23:49:07,CUST-1152,Cargador USB-C 65W,1,Puebla,Efectivo contra entrega,Sitio web,4.0,Accesorios,449.67,449.67,Completado
ORD-10444,2024-11-06 22:07:43,CUST-1192,Router WiFi 6,1,Ciudad de Mexico,Transferencia,App movil,5.0,Redes,1567.45,1567.45,Completado
ORD-11855,2024-09-21 14:23:11,CUST-1303,Webcam HD 1080p,5,Puebla,Tarjeta de debito,App movil,,Accesorios,658.02,3290.1,Devuelto
ORD-10830,2024-10-06 01:45:13,CUST-1089,Teclado Mecanico RGB,4,Queretaro,Efectivo contra entrega,Sitio web,,Accesorios,1171.27,4685.08,Completado
ORD-10103,2024-07-17 16:49:48,CUST-1218,Audifonos Bluetooth,1,Queretaro,Transferencia,Sitio web,4.0,Accesorios,993.81,993.81,Completado
ORD-11815,2024-03-10 23:03:27,CUST-1175,Router WiFi 6,2,,Tarjeta de debito,App movil,4.0,Redes,1870.63,3741.26,Cancelado
ORD-10099,2024-10-12 09:11:38,CUST-1290,Silla Ergonomica,1,Merida,Transferencia,App movil,4.0,Oficina,3109.74,3109.74,Devuelto
ORD-10781,2024-08-03 13:31:57,CUST-1357,Laptop Gamer X15,4,Queretaro,Tarjeta de debito,Marketplace,,Computo,18630.65,74522.6,Completado
ORD-10803,2024-05-01 02:31:11,CUST-1337,Router WiFi 6,4,Queretaro,Tarjeta de debito,Sitio web,5.0,Redes,1582.87,6331.48,Completado
ORD-10855,2024-01-17 21:57:29,CUST-1104,"Monitor Curvo 27""",2,Tijuana,Tarjeta de credito,App movil,1.0,Computo,6112.33,12224.66,Completado
ORD-11589,2024-04-22 02:33:17,CUST-1276,Teclado Mecanico RGB,2,Queretaro,Tarjeta de credito,Sitio web,5.0,Accesorios,1035.29,2070.58,Completado
ORD-10495,2024-02-08 01:24:01,CUST-1277,Impresora Multifuncional,5,Queretaro,Transferencia,Sitio web,5.0,Oficina,2388.98,11944.9,Devuelto
ORD-10432,2024-10-18 07:50:26,CUST-1017,Laptop Gamer X15,4,Tijuana,PayPal,Marketplace,4.0,Computo,18864.31,75457.24,Devuelto
ORD-10142,2024-06-07 20:04:54,CUST-1240,Smartwatch Fit,1,Puebla,Tarjeta de credito,App movil,4.0,Wearables,2484.93,2484.93,Cancelado
ORD-10827,2024-06-26 16:40:17,CUST-1010,Audifonos Bluetooth,1,Puebla,Tarjeta de credito,App movil,3.0,Accesorios,990.25,990.25,Completado
ORD-10166,2024-04-26 14:42:26,CUST-1327,Cargador USB-C 65W,3,Merida,Tarjeta de credito,App movil,5.0,Accesorios,392.07,1176.21,Completado
ORD-10161,2024-10-15 08:22:53,CUST-1020,Smartwatch Fit,2,Merida,Tarjeta de credito,App movil,,Wearables,2681.48,5362.96,Completado
ORD-11160,2024-04-07 08:41:23,CUST-1102,Webcam HD 1080p,2,Queretaro,Tarjeta de credito,App movil,4.0,Accesorios,682.04,1364.08,Devuelto
ORD-11040,2024-02-26 09:17:55,CUST-1051,"Monitor Curvo 27""",1,Guadalajara,Transferencia,App movil,5.0,Computo,6732.42,6732.42,Completado
ORD-11137,2024-05-13 16:14:16,CUST-1216,Teclado Mecanico RGB,1,Ciudad de Mexico,Transferencia,App movil,2.0,Accesorios,1076.5,1076.5,Cancelado
ORD-10007,2024-07-04 11:06:46,CUST-1361,Disco SSD 1TB,1,queretaro,PayPal,Marketplace,4.0,Almacenamiento,1445.04,1445.04,Completado
ORD-11219,2024-08-17 09:43:39,CUST-1115,Laptop Gamer X15,2,Ciudad de Mexico,Tarjeta de credito,Sitio web,4.0,Computo,16028.0,32056.0,Completado
ORD-11607,2024-05-27 01:50:28,CUST-1221,Cargador USB-C 65W,4,Merida,Tarjeta de debito,App movil,5.0,Accesorios,440.38,1761.52,Cancelado
ORD-10173,2024-07-02 19:48:28,CUST-1166,Audifonos Bluetooth,3,Ciudad de Mexico,Tarjeta de debito,App movil,4.0,Accesorios,936.57,2809.71,Cancelado
ORD-10446,2024-09-07 19:22:06,CUST-1072,Cargador USB-C 65W,2,Ciudad de Mexico,Tarjeta de debito,Marketplace,4.0,Accesorios,414.03,828.06,Completado
ORD-11879,2024-07-26 23:39:42,CUST-1380,Silla Ergonomica,1,Merida,Transferencia,Marketplace,5.0,Oficina,3079.01,3079.01,Completado
ORD-11792,2024-02-05 05:10:02,CUST-1364,Impresora Multifuncional,2,Queretaro,Transferencia,Marketplace,3.0,Oficina,2856.37,5712.74,Completado
ORD-10866,2024-02-15 16:59:37,CUST-1290,"Monitor Curvo 27""",2,Ciudad de Mexico,Tarjeta de credito,App movil,3.0,Computo,6764.18,13528.36,Completado
ORD-10579,2024-08-23 09:23:08,CUST-1307,Mouse Inalambrico Pro,1,Merida,Tarjeta de credito,App movil,5.0,Accesorios,307.8,307.8,Devuelto
ORD-11905,2024-10-21 03:31:41,CUST-1365,Router WiFi 6,1,Guadalajara,Efectivo contra entrega,Sitio web,2.0,Redes,1601.96,1601.96,Completado
ORD-10204,2024-06-25 17:34:25,CUST-1043,Teclado Mecanico RGB,3,Tijuana,PayPal,App movil,1.0,Accesorios,1199.79,3599.37,Completado
ORD-10902,2024-11-15 09:31:39,CUST-1226,Router WiFi 6,4,Guadalajara,Tarjeta de credito,App movil,4.0,Redes,1798.52,7194.08,Completado
ORD-10580,2024-07-12 06:54:24,CUST-1223,Cargador USB-C 65W,1,Guadalajara,Tarjeta de credito,App movil,5.0,Accesorios,441.21,441.21,Cancelado
ORD-11856,2024-02-22 18:47:33,CUST-1018,Bocina Portatil,2,Puebla,Tarjeta de credito,Sitio web,5.0,Accesorios,911.67,1823.34,Completado
ORD-11136,2024-07-14 03:56:26,CUST-1244,Webcam HD 1080p,1,Merida,Efectivo contra entrega,Sitio web,1.0,Accesorios,625.58,625.58,Completado
ORD-11786,2024-12-13 12:33:53,CUST-1011,Teclado Mecanico RGB,1,Monterrey,Tarjeta de credito,App movil,2.0,Accesorios,1230.99,1230.99,Cancelado
ORD-10485,2024-06-14 16:42:59,CUST-1106,Disco SSD 1TB,1,Tijuana,Tarjeta de credito,App movil,3.0,Almacenamiento,1383.67,1383.67,Completado
ORD-11000,2024-12-08 01:45:51,CUST-1046,Smartwatch Fit,3,Monterrey,Efectivo contra entrega,Sitio web,4.0,Wearables,2459.3,7377.9,Completado
ORD-10644,2024-03-11 11:34:10,CUST-1342,Tablet 10 pulgadas,1,Ciudad de Mexico,Tarjeta de debito,Marketplace,5.0,Computo,4015.52,4015.52,Cancelado
ORD-11919,2024-08-12 09:14:00,CUST-1265,Silla Ergonomica,1,Monterrey,Tarjeta de credito,App movil,3.0,Oficina,3221.33,3221.33,Completado
ORD-11867,2024-06-29 01:06:09,CUST-1251,Router WiFi 6,5,Puebla,Efectivo contra entrega,Sitio web,3.0,Redes,1834.13,9170.65,Completado
ORD-10859,2024-11-23 11:16:57,CUST-1240,Impresora Multifuncional,2,Ciudad de Mexico,Tarjeta de credito,App movil,4.0,Oficina,2474.98,4949.96,Completado
ORD-11612,2024-08-18 02:04:57,CUST-1238,Bocina Portatil,2,Ciudad de Mexico,Tarjeta de credito,Sitio web,5.0,Accesorios,833.0,1666.0,Completado
ORD-11486,2024-03-06 01:18:13,CUST-1253,Disco SSD 1TB,5,ciudad de mexico,Tarjeta de credito,Sitio web,5.0,Almacenamiento,1476.86,7384.3,Completado
ORD-10003,2024-03-08 11:38:35,CUST-1389,Laptop Ultrabook Air,2,Puebla,Transferencia,App movil,4.0,Computo,13051.12,26102.24,Devuelto
ORD-11401,2024-03-02 09:09:04,CUST-1007,Bocina Portatil,1,Queretaro,Tarjeta de credito,App movil,5.0,Accesorios,829.77,829.77,Completado
ORD-11731,2024-02-13 06:17:09,CUST-1028,Router WiFi 6,1,Ciudad de Mexico,Transferencia,Sitio web,4.0,Redes,1835.59,1835.59,Completado
ORD-10358,2024-08-25 22:06:02,CUST-1336,"Monitor Curvo 27""",5,Guadalajara,PayPal,Sitio web,,Computo,6004.58,30022.9,Completado
ORD-10428,2024-06-12 07:29:01,CUST-1006,Teclado Mecanico RGB,1,Monterrey,Tarjeta de debito,Sitio web,5.0,Accesorios,1042.58,1042.58,Devuelto
ORD-10276,2024-06-06 23:29:14,CUST-1236,Mouse Inalambrico Pro,1,Monterrey,Tarjeta de credito,Sitio web,5.0,Accesorios,297.79,297.79,Completado
ORD-10266,2024-10-01 03:31:49,CUST-1252,Mouse Inalambrico Pro,2,Puebla,Tarjeta de credito,Marketplace,,Accesorios,325.76,651.52,Devuelto
ORD-11490,2024-08-26 12:10:18,CUST-1254,Bocina Portatil,3,Guadalajara,Tarjeta de credito,App movil,5.0,Accesorios,918.47,2755.41,Cancelado
ORD-10749,2024-05-27 15:21:36,CUST-1351,Audifonos Bluetooth,1,Merida,Tarjeta de credito,Sitio web,5.0,Accesorios,985.95,985.95,Completado
ORD-11253,2024-10-10 17:01:15,CUST-1169,Mouse Inalambrico Pro,5,Queretaro,Tarjeta de debito,App movil,3.0,Accesorios,335.36,1676.8,Completado
ORD-11758,2024-06-05 14:15:17,CUST-1298,Bocina Portatil,5,Queretaro,Tarjeta de credito,App movil,4.0,Accesorios,869.04,4345.2,Completado
ORD-10030,2024-10-17 16:50:19,CUST-1027,Smartwatch Fit,1,Queretaro,Tarjeta de credito,Marketplace,3.0,Wearables,2718.76,2718.76,Cancelado
ORD-10445,2024-06-19 17:38:31,CUST-1193,Cargador USB-C 65W,3,Monterrey,Tarjeta de credito,App movil,5.0,Accesorios,409.53,1228.59,Completado
ORD-10760,2024-09-07 15:21:54,CUST-1108,Disco SSD 1TB,2,Monterrey,Transferencia,App movil,4.0,Almacenamiento,1360.91,2721.82,Completado
ORD-10373,2024-07-16 01:36:31,CUST-1192,Disco SSD 1TB,3,Tijuana,Tarjeta de debito,App movil,4.0,Almacenamiento,1325.6,3976.8,Completado
ORD-11564,2024-04-27 19:48:30,CUST-1161,Tablet 10 pulgadas,2,Queretaro,Tarjeta de credito,Sitio web,5.0,Computo,4551.7,9103.4,Completado
ORD-11592,2024-11-15 23:15:55,CUST-1166,Impresora Multifuncional,1,Ciudad de Mexico,Tarjeta de debito,Sitio web,3.0,Oficina,2786.5,2786.5,Completado
ORD-11140,2024-05-16 10:03:14,CUST-1216,Smartwatch Fit,4,Puebla,Tarjeta de credito,App movil,1.0,Wearables,2582.67,10330.68,Completado
ORD-11246,2024-05-23 04:02:43,CUST-1132,Teclado Mecanico RGB,1,Tijuana,Transferencia,Sitio web,4.0,Accesorios,1027.4,1027.4,Completado
ORD-11482,2024-03-14 01:19:31,CUST-1077,Smartwatch Fit,4,Merida,PayPal,App movil,5.0,Wearables,2565.2,10260.8,Completado
ORD-10617,2024-06-29 08:15:13,CUST-1048,Mouse Inalambrico Pro,2,Guadalajara,Transferencia,App movil,4.0,Accesorios,341.47,682.94,Devuelto
ORD-10081,2024-11-19 14:41:16,CUST-1211,Audifonos Bluetooth,1,Queretaro,PayPal,App movil,4.0,Accesorios,967.25,967.25,Completado
ORD-11224,2024-03-02 05:39:01,CUST-1161,Tablet 10 pulgadas,1,Guadalajara,Tarjeta de credito,App movil,4.0,Computo,3943.34,3943.34,Completado
ORD-11673,2024-05-14 09:33:23,CUST-1312,Router WiFi 6,5,Merida,Tarjeta de debito,Sitio web,1.0,Redes,1544.46,7722.3,Cancelado
ORD-10342,2024-10-20 10:51:25,CUST-1174,Silla Ergonomica,1,Monterrey,Tarjeta de debito,Sitio web,4.0,Oficina,3246.5,3246.5,Completado
ORD-11826,2024-12-04 06:28:13,CUST-1189,Silla Ergonomica,1,Tijuana,Transferencia,Sitio web,4.0,Oficina,2785.19,2785.19,Completado
ORD-11781,2024-01-31 21:16:27,CUST-1362,"Monitor Curvo 27""",3,Tijuana,Transferencia,App movil,4.0,Computo,6097.13,18291.39,Completado
ORD-11883,2024-11-07 19:15:39,CUST-1172,Laptop Gamer X15,3,Ciudad de Mexico,Tarjeta de debito,App movil,4.0,Computo,16249.07,48747.21,Completado
ORD-10944,2024-06-12 19:29:28,CUST-1020,Cargador USB-C 65W,1,Tijuana,Tarjeta de credito,Marketplace,4.0,Accesorios,407.94,407.94,Cancelado
ORD-11998,2024-12-17 07:06:27,CUST-1097,Cargador USB-C 65W,3,Monterrey,PayPal,App movil,4.0,Accesorios,435.89,1307.67,Completado
ORD-10391,2024-10-17 23:33:11,CUST-1385,Webcam HD 1080p,2,Merida,Transferencia,Sitio web,2.0,Accesorios,652.6,1305.2,Completado
ORD-10228,2024-11-30 15:20:20,CUST-1359,Laptop Gamer X15,4,Monterrey,Tarjeta de credito,App movil,5.0,Computo,17239.01,68956.04,Devuelto
ORD-11747,2024-04-03 22:16:20,CUST-1283,Laptop Gamer X15,1,Merida,Tarjeta de credito,App movil,5.0,Computo,16671.81,16671.81,Cancelado
ORD-10517,2024-12-19 18:59:09,CUST-1380,Webcam HD 1080p,2,Ciudad de Mexico,Tarjeta de credito,App movil,,Accesorios,649.93,1299.86,Cancelado
ORD-10479,2024-03-30 07:31:27,CUST-1001,Bocina Portatil,1,Ciudad de Mexico,Tarjeta de debito,App movil,5.0,Accesorios,918.68,918.68,Completado
ORD-10799,2024-12-19 13:29:56,CUST-1317,"Monitor Curvo 27""",4,Guadalajara,Efectivo contra entrega,Sitio web,4.0,Computo,5978.95,23915.8,Completado
ORD-10034,2024-09-17 13:11:38,CUST-1313,Router WiFi 6,1,Merida,Tarjeta de credito,App movil,4.0,Redes,1840.2,1840.2,Completado
ORD-11268,2024-01-19 17:29:22,CUST-1267,Router WiFi 6,1,Puebla,Tarjeta de credito,Marketplace,,Redes,1811.94,1811.94,Completado
ORD-10008,2024-01-24 23:05:25,CUST-1120,Router WiFi 6,5,Tijuana,Tarjeta de credito,App movil,4.0,Redes,1834.11,9170.55,Devuelto
ORD-11550,2024-03-08 18:17:26,CUST-1090,Router WiFi 6,1,,Tarjeta de credito,Sitio web,3.0,Redes,1766.65,1766.65,Completado
ORD-10231,2024-07-30 12:02:03,CUST-1285,Silla Ergonomica,4,Tijuana,Efectivo contra entrega,App movil,5.0,Oficina,3276.69,13106.76,Completado
ORD-11343,2024-06-08 13:37:59,CUST-1071,Laptop Gamer X15,1,Queretaro,Tarjeta de debito,App movil,5.0,Computo,16315.4,16315.4,Completado
ORD-10440,2024-11-18 08:40:24,CUST-1248,Cargador USB-C 65W,1,Puebla,Transferencia,Marketplace,4.0,Accesorios,431.47,431.47,Completado
ORD-10525,2024-12-08 18:38:26,CUST-1175,Disco SSD 1TB,1,Merida,Tarjeta de debito,Sitio web,4.0,Almacenamiento,1235.59,1235.59,Completado
ORD-10624,2024-01-03 08:07:06,CUST-1130,Webcam HD 1080p,1,Merida,PayPal,Sitio web,4.0,Accesorios,716.32,716.32,Cancelado
ORD-11920,2024-06-11 17:29:03,CUST-1306,Laptop Gamer X15,1,Queretaro,Tarjeta de debito,App movil,5.0,Computo,16156.44,16156.44,Cancelado
ORD-11372,2024-04-14 22:19:39,CUST-1029,Teclado Mecanico RGB,1,Puebla,Tarjeta de credito,Sitio web,5.0,Accesorios,1191.55,1191.55,Completado
ORD-10094,2024-02-13 01:33:31,CUST-1228,Webcam HD 1080p,2,Puebla,Tarjeta de credito,Sitio web,4.0,Accesorios,732.62,1465.24,Completado
ORD-10543,2024-12-09 21:54:22,CUST-1061,Tablet 10 pulgadas,1,Monterrey,Tarjeta de debito,Sitio web,5.0,Computo,4240.33,4240.33,Completado
ORD-11665,2024-08-23 18:09:01,CUST-1385,Bocina Portatil,1,Monterrey,Tarjeta de debito,App movil,5.0,Accesorios,867.48,867.48,Completado
ORD-10970,2024-07-30 02:51:04,CUST-1294,"Monitor Curvo 27""",1,Ciudad de Mexico,Transferencia,App movil,5.0,Computo,6481.68,6481.68,Completado
ORD-11896,2024-12-08 21:40:27,CUST-1320,Laptop Ultrabook Air,2,Ciudad de Mexico,PayPal,Marketplace,1.0,Computo,15817.82,31635.64,Completado
ORD-10209,2024-05-07 15:01:23,CUST-1136,Tablet 10 pulgadas,1,Monterrey,Tarjeta de debito,Sitio web,4.0,Computo,4109.21,4109.21,Completado
ORD-11199,2024-03-22 23:39:59,CUST-1309,"Monitor Curvo 27""",1,Tijuana,Tarjeta de credito,App movil,4.0,Computo,6917.41,6917.41,Cancelado
ORD-11504,2024-01-27 05:46:12,CUST-1292,Cargador USB-C 65W,5,Monterrey,PayPal,Sitio web,3.0,Accesorios,414.24,2071.2,Cancelado
ORD-10281,2024-07-24 17:13:11,CUST-1085,Impresora Multifuncional,1,Ciudad de Mexico,Tarjeta de credito,App movil,2.0,Oficina,2431.09,2431.09,Completado
ORD-11130,2024-04-13 06:17:47,CUST-1285,Router WiFi 6,1,Tijuana,PayPal,App movil,5.0,Redes,1885.99,1885.99,Cancelado
ORD-10389,2024-09-24 04:04:17,CUST-1292,Disco SSD 1TB,2,Queretaro,Tarjeta de credito,App movil,,Almacenamiento,1297.22,2594.44,Devuelto
ORD-10948,2024-11-03 21:51:14,CUST-1055,Disco SSD 1TB,1,Guadalajara,Tarjeta de debito,Marketplace,5.0,Almacenamiento,1243.76,1243.76,Completado
ORD-10251,2024-12-19 15:45:31,CUST-1259,Disco SSD 1TB,1,Ciudad de Mexico,PayPal,App movil,4.0,Almacenamiento,1339.07,1339.07,Completado
ORD-11776,2024-05-14 01:19:45,CUST-1032,Bocina Portatil,1,Ciudad de Mexico,Tarjeta de debito,Marketplace,5.0,Accesorios,921.43,921.43,Completado
ORD-11157,2024-08-07 07:49:31,CUST-1120,Cargador USB-C 65W,2,Guadalajara,Tarjeta de debito,App movil,2.0,Accesorios,423.07,846.14,Cancelado
ORD-10890,2024-03-23 08:46:22,CUST-1332,Teclado Mecanico RGB,3,Merida,Tarjeta de debito,Marketplace,,Accesorios,1247.64,3742.92,Devuelto
ORD-11413,2024-09-12 08:08:18,CUST-1079,Silla Ergonomica,5,Monterrey,Tarjeta de credito,Marketplace,4.0,Oficina,2732.86,13664.3,Completado
ORD-11787,2024-10-30 08:17:32,CUST-1349,Bocina Portatil,2,Monterrey,Tarjeta de credito,Sitio web,4.0,Accesorios,912.44,1824.88,Completado
ORD-10520,2024-04-13 13:38:54,CUST-1186,Router WiFi 6,4,Monterrey,PayPal,Sitio web,4.0,Redes,1780.79,7123.16,Completado
ORD-11351,2024-05-31 18:49:59,CUST-1195,Laptop Gamer X15,5,Monterrey,Tarjeta de credito,App movil,4.0,Computo,17154.99,85774.95,Completado
ORD-11036,2024-03-03 11:08:45,CUST-1042,Laptop Gamer X15,1,Ciudad de Mexico,Transferencia,App movil,,Computo,16670.53,16670.53,Completado
ORD-11739,2024-08-18 05:26:32,CUST-1360,Webcam HD 1080p,1,Tijuana,Tarjeta de credito,Marketplace,5.0,Accesorios,638.77,638.77,Devuelto
ORD-10668,2024-06-04 21:43:18,CUST-1196,Laptop Gamer X15,1,Monterrey,Tarjeta de credito,Sitio web,4.0,Computo,19287.33,19287.33,Cancelado
ORD-11663,2024-03-01 13:14:40,CUST-1253,Smartwatch Fit,2,Ciudad de Mexico,Tarjeta de credito,Sitio web,5.0,Wearables,2488.47,4976.94,Completado
ORD-10876,2024-03-10 03:57:55,CUST-1082,"Monitor Curvo 27""",4,Puebla,Transferencia,App movil,5.0,Computo,6585.39,26341.56,Completado
ORD-11705,2024-03-22 09:51:48,CUST-1021,Laptop Ultrabook Air,1,Ciudad de Mexico,Tarjeta de credito,Sitio web,4.0,Computo,13429.01,13429.01,Completado
ORD-11780,2024-11-16 05:38:30,CUST-1207,Disco SSD 1TB,3,Guadalajara,Tarjeta de debito,App movil,3.0,Almacenamiento,1336.91,4010.73,Completado
ORD-11013,2024-01-05 20:29:54,CUST-1373,Tablet 10 pulgadas,3,Monterrey,PayPal,Marketplace,,Computo,4196.47,12589.41,Completado
ORD-11805,2024-12-14 11:49:23,CUST-1377,Mouse Inalambrico Pro,5,Ciudad de Mexico,Efectivo contra entrega,Sitio web,4.0,Accesorios,310.14,1550.7,Completado
ORD-10753,2024-01-13 13:15:30,CUST-1316,Silla Ergonomica,1,Queretaro,Tarjeta de credito,Sitio web,4.0,Oficina,3257.48,3257.48,Completado
ORD-11262,2024-03-21 21:08:57,CUST-1352,Impresora Multifuncional,2,Tijuana,PayPal,App movil,5.0,Oficina,2582.39,5164.78,Completado
ORD-10213,2024-12-28 23:56:30,CUST-1206,Disco SSD 1TB,2,,Efectivo contra entrega,App movil,4.0,Almacenamiento,1257.03,2514.06,Cancelado
ORD-11240,2024-02-22 15:42:56,CUST-1010,Bocina Portatil,5,Monterrey,PayPal,Sitio web,,Accesorios,885.47,4427.35,Completado
ORD-10957,2024-02-19 21:32:56,CUST-1308,Audifonos Bluetooth,1,Guadalajara,Tarjeta de debito,Sitio web,4.0,Accesorios,890.29,890.29,Completado
ORD-11733,2024-12-10 02:49:00,CUST-1263,"Monitor Curvo 27""",1,Puebla,Tarjeta de credito,Marketplace,5.0,Computo,5796.66,5796.66,Completado
ORD-11446,2024-01-20 04:05:05,CUST-1121,Audifonos Bluetooth,1,Merida,Transferencia,Sitio web,5.0,Accesorios,822.56,822.56,Completado
ORD-10567,2024-12-30 21:23:33,CUST-1184,Audifonos Bluetooth,1,Tijuana,Efectivo contra entrega,App movil,5.0,Accesorios,955.97,955.97,Completado
ORD-11445,2024-01-02 21:27:36,CUST-1062,Laptop Gamer X15,2,Tijuana,Transferencia,Sitio web,4.0,Computo,17854.14,35708.28,Completado
ORD-10068,2024-05-10 02:37:06,CUST-1077,Laptop Ultrabook Air,1,Puebla,Tarjeta de credito,Marketplace,3.0,Computo,14048.38,14048.38,Devuelto
ORD-11577,2024-03-30 09:05:44,CUST-1092,Tablet 10 pulgadas,2,Monterrey,PayPal,App movil,4.0,Computo,4140.94,8281.88,Cancelado
ORD-10085,2024-10-03 09:04:54,CUST-1260,Bocina Portatil,3,Queretaro,Tarjeta de debito,Marketplace,5.0,Accesorios,780.14,2340.42,Completado
ORD-11760,2024-09-13 16:20:47,CUST-1041,Audifonos Bluetooth,1,queretaro,Tarjeta de debito,Sitio web,1.0,Accesorios,886.18,886.18,Completado
ORD-10912,2024-12-28 21:57:18,CUST-1020,Silla Ergonomica,1,Monterrey,Tarjeta de credito,App movil,5.0,Oficina,2996.0,2996.0,Completado
ORD-10466,2024-02-10 05:43:16,CUST-1200,Smartwatch Fit,1,Merida,PayPal,Sitio web,5.0,Wearables,2489.22,2489.22,Completado
ORD-10879,2024-08-20 06:39:38,CUST-1061,Audifonos Bluetooth,3,Tijuana,Tarjeta de debito,App movil,5.0,Accesorios,934.76,2804.28,Cancelado
ORD-10429,2024-04-29 23:55:28,CUST-1366,"Monitor Curvo 27""",1,Puebla,Tarjeta de debito,Sitio web,,Computo,6000.79,6000.79,Completado
ORD-10417,2024-02-19 12:41:26,CUST-1345,Webcam HD 1080p,1,Queretaro,Tarjeta de debito,Sitio web,3.0,Accesorios,681.93,681.93,Completado
ORD-10412,2024-06-29 11:12:21,CUST-1206,Laptop Ultrabook Air,3,Tijuana,Tarjeta de debito,App movil,,Computo,14573.04,43719.12,Completado
ORD-10196,2024-10-25 21:38:35,CUST-1162,"Monitor Curvo 27""",1,Queretaro,Tarjeta de credito,App movil,5.0,Computo,6700.94,6700.94,Completado
ORD-11850,2024-09-10 15:42:49,CUST-1363,Laptop Ultrabook Air,5,Monterrey,Tarjeta de debito,App movil,4.0,Computo,14865.81,74329.05,Completado
ORD-10284,2024-04-01 23:12:50,CUST-1315,Impresora Multifuncional,3,Guadalajara,PayPal,App movil,,Oficina,2930.5,8791.5,Cancelado
ORD-11135,2024-12-11 22:25:39,CUST-1154,Cargador USB-C 65W,2,Ciudad de Mexico,Efectivo contra entrega,App movil,5.0,Accesorios,459.07,918.14,Devuelto
ORD-11568,2024-12-14 10:21:34,CUST-1218,Disco SSD 1TB,3,Monterrey,PayPal,Marketplace,4.0,Almacenamiento,1314.87,3944.61,Completado
ORD-11169,2024-07-28 14:00:56,CUST-1025,Tablet 10 pulgadas,2,Queretaro,Tarjeta de credito,Sitio web,3.0,Computo,4160.74,8321.48,Completado
ORD-10666,2024-05-29 04:42:08,CUST-1147,Audifonos Bluetooth,2,Tijuana,Transferencia,Sitio web,5.0,Accesorios,959.07,1918.14,Completado
ORD-10684,2024-03-12 10:47:50,CUST-1109,Audifonos Bluetooth,1,Monterrey,Tarjeta de debito,App movil,4.0,Accesorios,887.95,887.95,Completado
ORD-10380,2024-01-15 14:56:13,CUST-1186,Audifonos Bluetooth,1,Tijuana,Tarjeta de credito,Marketplace,5.0,Accesorios,866.07,866.07,Completado
ORD-11523,2024-11-17 19:26:24,CUST-1280,Audifonos Bluetooth,2,Queretaro,Efectivo contra entrega,Sitio web,4.0,Accesorios,859.82,1719.64,Cancelado
ORD-11012,2024-01-30 20:48:21,CUST-1351,Laptop Gamer X15,4,Ciudad de Mexico,Tarjeta de credito,App movil,5.0,Computo,16490.66,65962.64,Completado
ORD-11768,2024-08-15 21:50:18,CUST-1056,Teclado Mecanico RGB,1,,Tarjeta de credito,Sitio web,,Accesorios,1167.04,1167.04,Completado
ORD-10290,2024-07-02 17:48:17,CUST-1309,Smartwatch Fit,5,Guadalajara,Tarjeta de debito,Marketplace,5.0,Wearables,2227.93,11139.65,Cancelado
ORD-11412,2024-03-17 15:36:34,CUST-1135,Mouse Inalambrico Pro,2,Queretaro,Efectivo contra entrega,Marketplace,5.0,Accesorios,349.67,699.34,Completado
ORD-10359,2024-11-18 20:14:09,CUST-1110,Router WiFi 6,3,Queretaro,Tarjeta de credito,App movil,4.0,Redes,1727.13,5181.39,Cancelado
ORD-11430,2024-06-26 10:38:53,CUST-1075,Bocina Portatil,1,Merida,Tarjeta de debito,Marketplace,4.0,Accesorios,890.26,890.26,Devuelto
ORD-10364,2024-04-12 10:41:43,CUST-1054,Tablet 10 pulgadas,2,Guadalajara,Tarjeta de debito,Marketplace,3.0,Computo,4051.26,8102.52,Completado
ORD-10524,2024-02-17 14:02:37,CUST-1222,"Monitor Curvo 27""",2,Ciudad de Mexico,Tarjeta de credito,App movil,4.0,Computo,7085.66,14171.32,Completado
ORD-10574,2024-04-06 10:35:02,CUST-1122,Cargador USB-C 65W,1,Merida,Transferencia,Marketplace,4.0,Accesorios,413.11,413.11,Cancelado
ORD-11495,2024-03-25 20:05:19,CUST-1008,Mouse Inalambrico Pro,5,Monterrey,Tarjeta de credito,App movil,3.0,Accesorios,348.89,1744.45,Completado
ORD-10693,2024-07-31 03:49:48,CUST-1016,Disco SSD 1TB,1,Guadalajara,Tarjeta de credito,Sitio web,5.0,Almacenamiento,1417.53,1417.53,Completado
ORD-10704,2024-06-23 19:01:25,CUST-1057,Webcam HD 1080p,5,Queretaro,Tarjeta de credito,App movil,4.0,Accesorios,711.06,3555.3,Cancelado
ORD-10112,2024-01-30 02:28:27,CUST-1105,Audifonos Bluetooth,4,Ciudad de Mexico,Tarjeta de debito,Sitio web,4.0,Accesorios,824.73,3298.92,Completado
ORD-11126,2024-03-18 13:41:06,CUST-1268,Tablet 10 pulgadas,3,Puebla,Tarjeta de debito,Sitio web,,Computo,4480.73,13442.19,Completado
ORD-10414,2024-01-21 21:26:00,CUST-1179,Router WiFi 6,2,Puebla,Efectivo contra entrega,Marketplace,4.0,Redes,1552.94,3105.88,Completado
ORD-10589,2024-10-29 16:08:22,CUST-1024,Disco SSD 1TB,2,Puebla,Tarjeta de credito,App movil,5.0,Almacenamiento,1402.72,2805.44,Completado
ORD-11214,2024-05-15 07:24:58,CUST-1305,"Monitor Curvo 27""",3,Monterrey,PayPal,App movil,5.0,Computo,6673.28,20019.84,Completado
ORD-11915,2024-03-25 02:24:39,CUST-1184,Smartwatch Fit,1,Monterrey,Tarjeta de credito,App movil,1.0,Wearables,2688.35,2688.35,Devuelto
ORD-10486,2024-10-08 10:50:01,CUST-1227,Smartwatch Fit,2,Monterrey,Tarjeta de credito,App movil,2.0,Wearables,2319.38,4638.76,Completado
ORD-11076,2024-01-24 06:36:35,CUST-1359,"Monitor Curvo 27""",1,Guadalajara,Transferencia,App movil,5.0,Computo,6783.4,6783.4,Completado
ORD-11052,2024-05-10 12:27:43,CUST-1129,Router WiFi 6,1,ciudad de mexico,Transferencia,App movil,5.0,Redes,1560.28,1560.28,Completado
ORD-11089,2024-03-03 00:35:44,CUST-1366,Disco SSD 1TB,4,Monterrey,Transferencia,App movil,4.0,Almacenamiento,1519.24,6076.96,Devuelto
ORD-10874,2024-02-05 02:26:34,CUST-1069,Tablet 10 pulgadas,1,Guadalajara,Tarjeta de credito,App movil,5.0,Computo,4456.48,4456.48,Completado
ORD-11773,2024-03-06 07:15:09,CUST-1031,Webcam HD 1080p,1,Puebla,Tarjeta de credito,Sitio web,5.0,Accesorios,678.82,678.82,Cancelado
ORD-11345,2024-08-26 11:47:44,CUST-1034,Router WiFi 6,4,ciudad de mexico,Transferencia,App movil,5.0,Redes,1600.63,6402.52,Cancelado
ORD-10843,2024-06-26 19:57:35,CUST-1323,Mouse Inalambrico Pro,2,Monterrey,Efectivo contra entrega,App movil,,Accesorios,314.81,629.62,Completado
ORD-10966,2024-02-27 01:51:44,CUST-1163,Disco SSD 1TB,2,Queretaro,Tarjeta de credito,Sitio web,5.0,Almacenamiento,1263.25,2526.5,Cancelado
ORD-10594,2024-04-01 06:28:13,CUST-1146,Mouse Inalambrico Pro,4,Monterrey,Tarjeta de credito,Sitio web,4.0,Accesorios,322.81,1291.24,Completado
ORD-10927,2024-09-11 14:22:08,CUST-1130,Audifonos Bluetooth,1,Puebla,Tarjeta de credito,App movil,,Accesorios,839.96,839.96,Cancelado
ORD-10308,2024-09-24 05:58:56,CUST-1184,Laptop Gamer X15,3,Merida,PayPal,Sitio web,1.0,Computo,16315.65,48946.95,Devuelto
ORD-11410,2024-09-29 03:30:05,CUST-1028,Teclado Mecanico RGB,1,Ciudad de Mexico,PayPal,Sitio web,5.0,Accesorios,1239.64,1239.64,Devuelto
ORD-11378,2024-02-17 05:13:43,CUST-1239,"Monitor Curvo 27""",1,Monterrey,Tarjeta de credito,Sitio web,5.0,Computo,6824.01,6824.01,Completado
ORD-10058,2024-08-07 05:19:56,CUST-1329,Audifonos Bluetooth,4,Merida,Tarjeta de credito,App movil,4.0,Accesorios,859.82,3439.28,Completado
ORD-10159,2024-02-05 09:10:54,CUST-1314,Webcam HD 1080p,1,tijuana,Tarjeta de credito,Sitio web,4.0,Accesorios,596.92,596.92,Completado
ORD-11852,2024-05-31 23:47:14,CUST-1217,Laptop Ultrabook Air,2,Monterrey,PayPal,Sitio web,5.0,Computo,14676.62,29353.24,Completado
ORD-10186,2024-03-05 06:21:35,CUST-1358,Smartwatch Fit,3,Guadalajara,Tarjeta de credito,App movil,5.0,Wearables,2319.99,6959.97,Completado
ORD-10244,2024-09-08 04:08:09,CUST-1082,Disco SSD 1TB,1,Guadalajara,Tarjeta de credito,App movil,5.0,Almacenamiento,1308.62,1308.62,Completado
ORD-11391,2024-06-13 14:44:45,CUST-1356,Webcam HD 1080p,1,,Efectivo contra entrega,Sitio web,3.0,Accesorios,643.1,643.1,Completado
ORD-11922,2024-05-17 23:32:39,CUST-1361,Cargador USB-C 65W,2,Tijuana,Transferencia,Marketplace,4.0,Accesorios,406.3,812.6,Devuelto
ORD-10157,2024-12-04 23:23:52,CUST-1184,Impresora Multifuncional,1,Merida,Efectivo contra entrega,App movil,,Oficina,2538.52,2538.52,Completado
ORD-10126,2024-01-06 17:42:37,CUST-1036,Smartwatch Fit,1,Queretaro,Tarjeta de credito,Sitio web,,Wearables,2726.29,2726.29,Completado
ORD-10322,2024-08-15 11:47:59,CUST-1039,Smartwatch Fit,-3,Merida,Tarjeta de debito,App movil,5.0,Wearables,2439.95,-7319.849999999999,Completado
ORD-11083,2024-01-27 21:34:37,CUST-1095,Smartwatch Fit,1,Puebla,Tarjeta de credito,App movil,3.0,Wearables,2643.98,2643.98,Cancelado
ORD-10804,2024-11-03 11:30:29,CUST-1014,Laptop Ultrabook Air,5,Merida,Tarjeta de debito,Sitio web,4.0,Computo,14273.81,71369.05,Completado
ORD-11236,2024-05-14 17:38:09,CUST-1049,Disco SSD 1TB,2,Puebla,PayPal,App movil,3.0,Almacenamiento,1333.03,2666.06,Completado
ORD-10777,2024-11-18 13:38:35,CUST-1031,Silla Ergonomica,4,Puebla,PayPal,App movil,4.0,Oficina,2728.66,10914.64,Completado
ORD-11127,2024-10-24 06:11:25,CUST-1287,Teclado Mecanico RGB,4,Puebla,Tarjeta de debito,Sitio web,4.0,Accesorios,1167.14,4668.56,Completado
ORD-11672,2024-03-03 22:40:02,CUST-1118,Laptop Ultrabook Air,2,Merida,Tarjeta de credito,Marketplace,4.0,Computo,14066.62,28133.24,Cancelado
ORD-11845,2024-04-19 11:41:34,CUST-1010,Bocina Portatil,1,Monterrey,Tarjeta de credito,App movil,2.0,Accesorios,898.59,898.59,Completado
ORD-10845,2024-09-03 18:21:24,CUST-1193,Smartwatch Fit,2,Ciudad de Mexico,Tarjeta de credito,App movil,5.0,Wearables,2558.17,5116.34,Completado
ORD-11132,2024-08-20 14:07:25,CUST-1053,Laptop Gamer X15,2,puebla,Efectivo contra entrega,App movil,,Computo,18325.44,36650.88,Cancelado
ORD-11544,2024-12-20 10:41:10,CUST-1326,Cargador USB-C 65W,1,Puebla,Transferencia,Sitio web,4.0,Accesorios,460.75,460.75,Cancelado
ORD-11941,2024-10-08 00:13:41,CUST-1146,Mouse Inalambrico Pro,2,Ciudad de Mexico,PayPal,Marketplace,5.0,Accesorios,361.96,723.92,Completado
ORD-11252,2024-06-06 18:49:58,CUST-1139,Audifonos Bluetooth,4,Puebla,Tarjeta de debito,App movil,,Accesorios,983.6,3934.4,Completado
ORD-10273,2024-01-06 09:23:41,CUST-1387,Webcam HD 1080p,5,Tijuana,Efectivo contra entrega,Sitio web,5.0,Accesorios,734.54,3672.7,Completado
ORD-10875,2024-01-20 17:18:05,CUST-1337,Impresora Multifuncional,4,Tijuana,Tarjeta de debito,App movil,4.0,Oficina,2869.17,11476.68,Devuelto
ORD-10182,2024-06-02 00:52:47,CUST-1394,Laptop Gamer X15,3,Merida,PayPal,Sitio web,2.0,Computo,17223.64,51670.92,Completado
ORD-11694,2024-05-14 16:04:36,CUST-1266,Mouse Inalambrico Pro,1,Guadalajara,PayPal,Sitio web,4.0,Accesorios,347.81,347.81,Completado
ORD-11075,2024-08-26 19:56:20,CUST-1345,Smartwatch Fit,1,Ciudad de Mexico,Transferencia,Sitio web,4.0,Wearables,2496.89,2496.89,Completado
ORD-11221,2024-01-31 04:51:03,CUST-1246,Cargador USB-C 65W,3,Puebla,Tarjeta de debito,App movil,4.0,Accesorios,462.25,1386.75,Devuelto
ORD-10462,2024-06-21 10:46:03,CUST-1178,Tablet 10 pulgadas,3,Monterrey,Efectivo contra entrega,App movil,5.0,Computo,3961.85,11885.55,Completado
ORD-11475,2024-08-01 12:23:31,CUST-1010,Audifonos Bluetooth,4,Merida,PayPal,Sitio web,2.0,Accesorios,819.04,3276.16,Completado
ORD-10089,2024-10-31 05:46:47,CUST-1303,Smartwatch Fit,2,Merida,Efectivo contra entrega,Marketplace,4.0,Wearables,2622.47,5244.94,Completado
ORD-11248,2024-08-23 08:47:54,CUST-1021,Router WiFi 6,3,Merida,Efectivo contra entrega,Marketplace,,Redes,1754.39,5263.17,Completado
ORD-11841,2024-02-15 13:42:56,CUST-1124,Laptop Gamer X15,2,Tijuana,PayPal,Sitio web,1.0,Computo,18668.17,37336.34,Completado
ORD-11510,2024-01-18 10:35:48,CUST-1061,Disco SSD 1TB,1,Monterrey,Tarjeta de debito,Marketplace,5.0,Almacenamiento,1410.72,1410.72,Completado
ORD-10050,2024-11-13 16:20:36,CUST-1111,Disco SSD 1TB,1,Merida,PayPal,App movil,2.0,Almacenamiento,1287.76,1287.76,Completado
ORD-10853,2024-03-28 00:41:29,CUST-1083,Silla Ergonomica,2,Merida,Tarjeta de debito,Sitio web,5.0,Oficina,2864.18,5728.36,Completado
ORD-10415,2024-05-04 16:29:55,CUST-1120,Tablet 10 pulgadas,1,Queretaro,Transferencia,App movil,2.0,Computo,3956.23,3956.23,Cancelado
ORD-10676,2024-05-31 01:01:34,CUST-1327,Impresora Multifuncional,3,Tijuana,Tarjeta de credito,App movil,5.0,Oficina,2854.9,8564.7,Completado
ORD-11390,2024-04-03 14:05:02,CUST-1217,Laptop Gamer X15,1,Puebla,Tarjeta de debito,Sitio web,4.0,Computo,19005.42,19005.42,Completado
ORD-10534,2024-05-30 00:19:33,CUST-1328,Mouse Inalambrico Pro,2,Guadalajara,Tarjeta de credito,App movil,4.0,Accesorios,321.63,643.26,Cancelado
ORD-10234,2024-01-25 01:08:56,CUST-1350,Router WiFi 6,2,Guadalajara,Tarjeta de debito,App movil,,Redes,1711.52,3423.04,Completado
ORD-11513,2024-02-25 17:53:41,CUST-1010,Bocina Portatil,1,Puebla,Tarjeta de debito,App movil,4.0,Accesorios,847.59,847.59,Completado
ORD-10680,2024-10-07 15:34:00,CUST-1010,Bocina Portatil,5,Monterrey,Tarjeta de credito,Marketplace,5.0,Accesorios,889.43,4447.15,Completado
ORD-10581,2024-12-18 20:04:37,CUST-1297,Mouse Inalambrico Pro,4,Tijuana,Tarjeta de debito,App movil,,Accesorios,326.25,1305.0,Completado
ORD-10401,2024-05-15 15:59:06,CUST-1255,Laptop Gamer X15,2,Merida,Tarjeta de credito,Sitio web,5.0,Computo,19184.09,38368.18,Devuelto
ORD-10698,2024-10-23 12:14:01,CUST-1268,Cargador USB-C 65W,5,Tijuana,Efectivo contra entrega,App movil,4.0,Accesorios,431.15,2155.75,Completado
ORD-10438,2024-08-31 01:06:58,CUST-1066,Smartwatch Fit,1,Queretaro,Tarjeta de debito,App movil,4.0,Wearables,2677.55,2677.55,Completado
ORD-10527,2024-07-19 05:52:01,CUST-1067,Laptop Gamer X15,1,Tijuana,Tarjeta de debito,App movil,4.0,Computo,18289.25,18289.25,Completado
ORD-11710,2024-09-22 15:35:28,CUST-1102,Disco SSD 1TB,1,Merida,Tarjeta de credito,App movil,,Almacenamiento,1432.14,1432.14,Devuelto
ORD-11392,2024-05-15 10:09:14,CUST-1364,Tablet 10 pulgadas,1,Tijuana,Tarjeta de debito,Marketplace,5.0,Computo,4217.61,4217.61,Completado
ORD-10717,2024-08-09 15:42:19,CUST-1213,Bocina Portatil,1,Puebla,Tarjeta de credito,Sitio web,3.0,Accesorios,802.61,802.61,Completado
ORD-11175,2024-03-11 16:46:59,CUST-1068,Smartwatch Fit,4,Tijuana,Tarjeta de debito,Sitio web,4.0,Wearables,2408.94,9635.76,Completado
ORD-11463,2024-11-07 00:29:05,CUST-1135,Mouse Inalambrico Pro,5,Puebla,Tarjeta de credito,App movil,5.0,Accesorios,328.81,1644.05,Completado
ORD-10132,2024-06-24 14:45:25,CUST-1249,Webcam HD 1080p,4,Puebla,Transferencia,App movil,5.0,Accesorios,652.67,2610.68,Cancelado
ORD-10738,2024-01-23 06:31:13,CUST-1358,Smartwatch Fit,1,Monterrey,Tarjeta de credito,Marketplace,5.0,Wearables,2498.97,2498.97,Cancelado
ORD-10029,2024-07-08 07:29:39,CUST-1181,Mouse Inalambrico Pro,1,Ciudad de Mexico,Tarjeta de debito,Sitio web,3.0,Accesorios,311.83,311.83,Completado
ORD-10639,2024-11-19 19:58:18,CUST-1027,Audifonos Bluetooth,1,puebla,Tarjeta de credito,Marketplace,5.0,Accesorios,822.99,822.99,Completado
ORD-10238,2024-11-27 13:35:12,CUST-1037,Smartwatch Fit,2,Tijuana,Tarjeta de credito,Sitio web,2.0,Wearables,2340.08,4680.16,Completado
ORD-10362,2024-06-30 19:20:45,CUST-1359,Silla Ergonomica,5,Puebla,Tarjeta de debito,App movil,3.0,Oficina,2933.93,14669.65,Completado
ORD-11359,2024-01-31 15:01:50,CUST-1071,Audifonos Bluetooth,2,Tijuana,Tarjeta de debito,App movil,4.0,Accesorios,927.31,1854.62,Completado
ORD-11721,2024-05-08 00:22:33,CUST-1351,Mouse Inalambrico Pro,1,Queretaro,Tarjeta de credito,App movil,3.0,Accesorios,325.21,325.21,Completado
ORD-10323,2024-12-03 14:45:32,CUST-1249,Laptop Ultrabook Air,2,Monterrey,Tarjeta de debito,App movil,5.0,Computo,14321.34,28642.68,Completado
ORD-10628,2024-11-25 15:50:41,CUST-1068,Teclado Mecanico RGB,1,Tijuana,PayPal,Sitio web,4.0,Accesorios,1162.32,1162.32,Completado
ORD-11925,2024-04-23 21:14:37,CUST-1313,Cargador USB-C 65W,1,Monterrey,PayPal,App movil,4.0,Accesorios,390.04,390.04,Completado
ORD-10769,2024-02-09 06:45:16,CUST-1150,Mouse Inalambrico Pro,1,Tijuana,Efectivo contra entrega,App movil,4.0,Accesorios,325.07,325.07,Completado
ORD-11957,2024-02-17 10:39:29,CUST-1191,Laptop Ultrabook Air,3,Tijuana,Tarjeta de credito,Marketplace,5.0,Computo,14882.07,44646.21,Completado
ORD-10933,2024-03-03 04:32:20,CUST-1070,Audifonos Bluetooth,5,Puebla,PayPal,App movil,3.0,Accesorios,860.11,4300.55,Devuelto
ORD-11020,2024-07-31 08:06:47,CUST-1187,Bocina Portatil,1,Guadalajara,Transferencia,Sitio web,4.0,Accesorios,791.45,791.45,Cancelado
ORD-10379,2024-06-23 20:55:35,CUST-1362,Teclado Mecanico RGB,1,Tijuana,Tarjeta de debito,App movil,5.0,Accesorios,1131.85,1131.85,Cancelado
ORD-11582,2024-01-25 17:45:46,CUST-1372,Laptop Gamer X15,2,Guadalajara,Transferencia,Sitio web,4.0,Computo,19213.94,38427.88,Completado
ORD-11539,2024-10-24 23:36:06,CUST-1145,Laptop Ultrabook Air,4,Monterrey,Tarjeta de credito,Sitio web,,Computo,13006.38,52025.52,Completado
ORD-10747,2024-04-25 03:26:47,CUST-1025,Bocina Portatil,4,Puebla,Transferencia,Sitio web,4.0,Accesorios,793.07,3172.28,Completado
ORD-11054,2024-02-01 02:08:25,CUST-1322,Teclado Mecanico RGB,2,Tijuana,Efectivo contra entrega,App movil,2.0,Accesorios,1113.8,2227.6,Completado
ORD-11690,2024-01-23 16:09:36,CUST-1284,Webcam HD 1080p,3,Tijuana,PayPal,App movil,5.0,Accesorios,640.75,1922.25,Completado
ORD-11432,2024-05-17 20:47:48,CUST-1081,Bocina Portatil,1,Puebla,Tarjeta de debito,App movil,2.0,Accesorios,831.58,831.58,Completado
ORD-10350,2024-04-21 17:21:02,CUST-1156,Silla Ergonomica,5,Queretaro,Tarjeta de credito,Sitio web,5.0,Oficina,2829.38,14146.9,Cancelado
ORD-11272,2024-09-22 05:47:42,CUST-1204,Mouse Inalambrico Pro,1,Monterrey,Transferencia,Sitio web,5.0,Accesorios,326.72,326.72,Completado
ORD-11864,2024-03-14 20:05:26,CUST-1217,Silla Ergonomica,1,Queretaro,Tarjeta de credito,App movil,,Oficina,3183.46,3183.46,Completado
ORD-10051,2024-05-31 04:17:21,CUST-1032,"Monitor Curvo 27""",2,Puebla,Transferencia,App movil,4.0,Computo,6862.77,13725.54,Devuelto
ORD-10507,2024-06-18 11:12:59,CUST-1328,Laptop Gamer X15,3,Merida,Tarjeta de credito,Marketplace,5.0,Computo,18831.25,56493.75,Completado
ORD-11060,2024-08-19 11:28:17,CUST-1394,Mouse Inalambrico Pro,5,Ciudad de Mexico,Tarjeta de debito,App movil,5.0,Accesorios,356.87,1784.35,Cancelado
ORD-11633,2024-06-26 19:05:40,CUST-1045,Laptop Ultrabook Air,1,,Tarjeta de debito,Sitio web,4.0,Computo,15499.95,15499.95,Completado
ORD-11102,2024-11-01 23:57:45,CUST-1289,Audifonos Bluetooth,5,Merida,Tarjeta de credito,Marketplace,5.0,Accesorios,900.13,4500.65,Cancelado
ORD-11037,2024-05-12 04:37:55,CUST-1273,Silla Ergonomica,5,Guadalajara,Tarjeta de debito,App movil,3.0,Oficina,2985.3,14926.5,Completado
ORD-11699,2024-09-03 19:33:53,CUST-1018,Silla Ergonomica,1,Monterrey,Tarjeta de debito,Sitio web,2.0,Oficina,2846.3,2846.3,Completado
ORD-11082,2024-04-03 01:31:22,CUST-1201,Mouse Inalambrico Pro,2,Tijuana,Tarjeta de credito,Sitio web,5.0,Accesorios,326.08,652.16,Completado
ORD-10575,2024-04-26 16:16:33,CUST-1065,Router WiFi 6,4,,Tarjeta de credito,Sitio web,5.0,Redes,1666.25,6665.0,Completado
ORD-10233,2024-03-18 13:35:15,CUST-1192,"Monitor Curvo 27""",2,Guadalajara,Efectivo contra entrega,App movil,3.0,Computo,6725.62,13451.24,Completado
ORD-11767,2024-05-12 19:44:50,CUST-1338,Mouse Inalambrico Pro,2,Queretaro,Tarjeta de debito,Marketplace,2.0,Accesorios,315.28,630.56,Cancelado
ORD-11878,2024-11-05 00:09:24,CUST-1311,"Monitor Curvo 27""",1,Merida,Tarjeta de debito,App movil,5.0,Computo,5980.73,5980.73,Completado
ORD-11436,2024-12-28 22:07:53,CUST-1010,Smartwatch Fit,1,Merida,Tarjeta de debito,Sitio web,3.0,Wearables,2412.01,2412.01,Cancelado
ORD-10743,2024-12-18 21:29:40,CUST-1104,Webcam HD 1080p,2,Queretaro,Tarjeta de credito,App movil,5.0,Accesorios,614.24,1228.48,Completado
ORD-10478,2024-08-01 20:09:50,CUST-1346,Laptop Ultrabook Air,1,Ciudad de Mexico,Tarjeta de debito,Sitio web,2.0,Computo,13033.36,13033.36,Completado
ORD-10999,2024-10-19 06:19:59,CUST-1181,Smartwatch Fit,1,,Tarjeta de credito,App movil,4.0,Wearables,2321.27,2321.27,Completado
ORD-10193,2024-04-10 03:34:43,CUST-1176,Cargador USB-C 65W,4,merida,Tarjeta de credito,App movil,,Accesorios,471.04,1884.16,Completado
ORD-11408,2024-04-30 13:58:40,CUST-1249,Impresora Multifuncional,1,Merida,Tarjeta de credito,App movil,5.0,Oficina,2474.57,2474.57,Completado
ORD-10404,2024-04-22 01:05:32,CUST-1324,Router WiFi 6,1,Ciudad de Mexico,Transferencia,Sitio web,5.0,Redes,1873.5,1873.5,Completado
ORD-11614,2024-09-15 19:16:23,CUST-1049,Teclado Mecanico RGB,1,Guadalajara,Efectivo contra entrega,App movil,,Accesorios,1092.79,1092.79,Completado
ORD-11069,2024-09-05 07:38:13,CUST-1367,Laptop Ultrabook Air,3,Tijuana,Transferencia,Sitio web,4.0,Computo,15272.49,45817.47,Completado
ORD-10883,2024-08-02 16:29:46,CUST-1132,Router WiFi 6,3,Tijuana,Tarjeta de debito,Sitio web,4.0,Redes,1665.84,4997.52,Completado
ORD-10487,2024-03-09 15:50:15,CUST-1178,Teclado Mecanico RGB,1,Monterrey,Efectivo contra entrega,Marketplace,3.0,Accesorios,1204.75,1204.75,Completado
ORD-11693,2024-11-22 02:54:32,CUST-1090,Router WiFi 6,1,Puebla,Efectivo contra entrega,App movil,5.0,Redes,1595.11,1595.11,Completado
ORD-11048,2024-11-18 06:38:19,CUST-1242,Mouse Inalambrico Pro,1,Ciudad de Mexico,Tarjeta de debito,Marketplace,5.0,Accesorios,307.91,307.91,Completado
ORD-11795,2024-01-20 14:04:34,CUST-1075,Webcam HD 1080p,2,Queretaro,PayPal,Sitio web,3.0,Accesorios,657.92,1315.84,Completado
ORD-10471,2024-01-29 08:11:50,CUST-1395,Audifonos Bluetooth,1,Puebla,Tarjeta de credito,App movil,5.0,Accesorios,942.51,942.51,Completado
ORD-10256,2024-07-26 07:54:38,CUST-1098,Silla Ergonomica,3,Monterrey,Tarjeta de credito,Sitio web,5.0,Oficina,3120.71,9362.13,Completado
ORD-10894,2024-05-02 23:46:30,CUST-1106,Disco SSD 1TB,4,Monterrey,Transferencia,App movil,5.0,Almacenamiento,1519.68,6078.72,Cancelado
ORD-11584,2024-04-12 13:10:41,CUST-1306,Laptop Gamer X15,1,Queretaro,Tarjeta de debito,App movil,3.0,Computo,16717.7,16717.7,Completado
ORD-11835,2024-04-21 02:52:10,CUST-1277,Router WiFi 6,1,Merida,Transferencia,Marketplace,5.0,Redes,1866.01,1866.01,Cancelado
ORD-10138,2024-11-27 12:06:18,CUST-1146,Disco SSD 1TB,1,Queretaro,Tarjeta de credito,App movil,3.0,Almacenamiento,1474.3,1474.3,Completado
ORD-10491,2024-08-14 14:59:41,CUST-1371,Smartwatch Fit,2,Guadalajara,Tarjeta de debito,App movil,4.0,Wearables,2211.92,4423.84,Devuelto
ORD-11571,2024-06-26 06:49:59,CUST-1111,Laptop Ultrabook Air,2,Merida,Tarjeta de credito,App movil,5.0,Computo,13170.17,26340.34,Completado
ORD-11270,2024-10-27 05:50:35,CUST-1053,Laptop Gamer X15,1,Monterrey,Transferencia,App movil,1.0,Computo,17917.14,17917.14,Completado
ORD-11146,2024-08-23 08:04:35,CUST-1227,Teclado Mecanico RGB,1,Queretaro,Tarjeta de debito,App movil,4.0,Accesorios,1039.39,1039.39,Completado
ORD-10578,2024-11-27 13:57:05,CUST-1386,Router WiFi 6,1,Tijuana,Tarjeta de debito,App movil,4.0,Redes,1564.2,1564.2,Completado
ORD-10706,2024-09-21 10:44:10,CUST-1213,Cargador USB-C 65W,2,Puebla,Transferencia,App movil,5.0,Accesorios,412.45,824.9,Completado
ORD-11713,2024-07-20 03:53:44,CUST-1376,Tablet 10 pulgadas,3,Merida,Tarjeta de credito,Marketplace,,Computo,3881.95,11645.85,Completado
ORD-10206,2024-01-10 12:34:31,CUST-1065,Silla Ergonomica,1,Tijuana,Tarjeta de credito,App movil,3.0,Oficina,2861.82,2861.82,Completado
ORD-11663,2024-03-01 13:14:40,CUST-1253,Smartwatch Fit,2,Ciudad de Mexico,Tarjeta de credito,Sitio web,5.0,Wearables,2488.47,4976.94,Completado
ORD-11200,2024-09-22 17:05:24,CUST-1094,"Monitor Curvo 27""",2,Guadalajara,PayPal,App movil,4.0,Computo,6785.9,13571.8,Cancelado
ORD-10848,2024-10-30 14:26:18,CUST-1250,Bocina Portatil,5,Ciudad de Mexico,Tarjeta de credito,App movil,5.0,Accesorios,778.04,3890.2,Completado
ORD-11779,2024-01-05 16:26:54,CUST-1369,Mouse Inalambrico Pro,1,Ciudad de Mexico,Tarjeta de credito,App movil,5.0,Accesorios,332.19,332.19,Completado
ORD-11830,2024-03-21 21:51:52,CUST-1011,Webcam HD 1080p,1,Monterrey,Transferencia,App movil,2.0,Accesorios,609.88,609.88,Completado
ORD-10000,2024-06-24 03:52:19,CUST-1343,Router WiFi 6,1,Ciudad de Mexico,PayPal,App movil,,Redes,1790.84,1790.84,Completado
ORD-10226,2024-06-27 17:08:20,CUST-1316,Laptop Gamer X15,1,Monterrey,Tarjeta de debito,App movil,4.0,Computo,16600.14,16600.14,Completado
ORD-11972,2024-06-18 21:21:30,CUST-1173,Webcam HD 1080p,1,Puebla,PayPal,App movil,4.0,Accesorios,597.99,597.99,Devuelto
ORD-10249,2024-03-17 11:23:45,CUST-1130,Bocina Portatil,2,Tijuana,PayPal,App movil,4.0,Accesorios,844.15,1688.3,Completado
ORD-11493,2024-07-29 22:28:58,CUST-1103,Router WiFi 6,3,Guadalajara,Tarjeta de debito,App movil,4.0,Redes,1833.81,5501.43,Completado
ORD-10889,2024-05-22 09:22:05,CUST-1390,Router WiFi 6,2,Puebla,Tarjeta de debito,Sitio web,4.0,Redes,1573.78,3147.56,Cancelado
ORD-11132,2024-08-20 14:07:25,CUST-1053,Laptop Gamer X15,2,puebla,Efectivo contra entrega,App movil,,Computo,18325.44,36650.88,Cancelado
ORD-11450,2024-03-23 06:04:16,CUST-1214,Laptop Ultrabook Air,5,Queretaro,Tarjeta de debito,App movil,5.0,Computo,13477.09,67385.45,Completado
ORD-10705,2024-03-18 12:14:38,CUST-1161,Laptop Ultrabook Air,1,Tijuana,Tarjeta de debito,Sitio web,4.0,Computo,14976.31,14976.31,Completado
ORD-10979,2024-06-10 15:42:55,CUST-1174,Disco SSD 1TB,1,Guadalajara,Transferencia,App movil,1.0,Almacenamiento,1450.82,1450.82,Completado
ORD-11029,2024-09-26 00:00:31,CUST-1284,Impresora Multifuncional,4,Tijuana,Tarjeta de debito,App movil,5.0,Oficina,2389.87,9559.48,Completado
ORD-11284,2024-11-01 02:04:12,CUST-1009,Audifonos Bluetooth,1,Guadalajara,Tarjeta de credito,Sitio web,5.0,Accesorios,828.6,828.6,Cancelado
ORD-10283,2024-03-29 03:10:03,CUST-1012,Mouse Inalambrico Pro,4,Ciudad de Mexico,Tarjeta de credito,Sitio web,5.0,Accesorios,347.08,1388.32,Completado
ORD-10313,2024-06-20 12:09:22,CUST-1067,Impresora Multifuncional,2,Merida,Transferencia,App movil,3.0,Oficina,2751.54,5503.08,Devuelto
ORD-10596,2024-05-29 04:47:43,CUST-1024,Laptop Gamer X15,2,Guadalajara,Tarjeta de debito,App movil,5.0,Computo,16158.68,32317.36,Completado
ORD-11763,2024-07-12 17:18:55,CUST-1116,Cargador USB-C 65W,2,Queretaro,Tarjeta de debito,App movil,4.0,Accesorios,439.33,878.66,Completado
ORD-10059,2024-01-20 03:17:32,CUST-1028,Impresora Multifuncional,1,Puebla,Tarjeta de credito,App movil,5.0,Oficina,2758.73,2758.73,Completado
ORD-11369,2024-03-28 13:23:25,CUST-1327,Silla Ergonomica,1,Ciudad de Mexico,PayPal,App movil,1.0,Oficina,3142.49,3142.49,Cancelado
ORD-10047,2024-01-11 12:55:04,CUST-1327,Disco SSD 1TB,5,Ciudad de Mexico,Tarjeta de debito,Sitio web,,Almacenamiento,1490.62,7453.1,Completado
ORD-11893,2024-07-18 12:29:21,CUST-1051,Laptop Gamer X15,4,Merida,Tarjeta de debito,Sitio web,5.0,Computo,18325.59,73302.36,Completado
ORD-11326,2024-02-25 16:09:06,CUST-1259,Disco SSD 1TB,1,Merida,Tarjeta de debito,Sitio web,4.0,Almacenamiento,1357.76,1357.76,Cancelado
ORD-11908,2024-10-30 17:05:39,CUST-1006,Webcam HD 1080p,2,Puebla,Transferencia,Sitio web,5.0,Accesorios,658.37,1316.74,Cancelado
ORD-10986,2024-09-01 20:56:18,CUST-1213,Laptop Ultrabook Air,1,Guadalajara,Tarjeta de debito,App movil,2.0,Computo,14860.79,14860.79,Completado
ORD-10969,2024-03-16 20:06:15,CUST-1299,Cargador USB-C 65W,3,Queretaro,Transferencia,Marketplace,3.0,Accesorios,440.35,1321.05,Completado
ORD-11656,2024-10-08 12:03:58,CUST-1394,Laptop Gamer X15,1,Tijuana,Tarjeta de credito,Sitio web,5.0,Computo,18579.12,18579.12,Completado
ORD-11310,2024-09-21 22:09:15,CUST-1122,Laptop Ultrabook Air,3,Queretaro,Tarjeta de credito,App movil,5.0,Computo,15673.52,47020.56,Completado
ORD-11942,2024-10-13 05:33:47,CUST-1199,Webcam HD 1080p,5,Ciudad de Mexico,Efectivo contra entrega,App movil,4.0,Accesorios,696.61,3483.05,Completado
ORD-11926,2024-05-22 22:55:20,CUST-1378,Cargador USB-C 65W,1,Merida,Tarjeta de credito,App movil,3.0,Accesorios,455.09,455.09,Completado
ORD-10758,2024-09-28 19:52:40,CUST-1231,Impresora Multifuncional,1,Guadalajara,Efectivo contra entrega,App movil,3.0,Oficina,2623.57,2623.57,Completado
ORD-10978,2024-05-10 08:00:18,CUST-1212,Webcam HD 1080p,-2,Monterrey,Tarjeta de credito,App movil,5.0,Accesorios,717.66,-1435.32,Completado
ORD-11874,2024-05-23 18:00:14,CUST-1396,Router WiFi 6,2,Ciudad de Mexico,Tarjeta de credito,Sitio web,5.0,Redes,1807.94,3615.88,Completado
ORD-11702,2024-07-08 14:41:12,CUST-1363,Webcam HD 1080p,1,Merida,Tarjeta de debito,Sitio web,4.0,Accesorios,600.35,600.35,Completado
ORD-10312,2024-08-25 01:26:24,CUST-1145,Silla Ergonomica,3,Ciudad de Mexico,Efectivo contra entrega,App movil,5.0,Oficina,3023.96,9071.88,Completado
ORD-10091,2024-10-26 11:00:42,CUST-1137,Tablet 10 pulgadas,1,Queretaro,Tarjeta de credito,App movil,5.0,Computo,4530.08,4530.08,Completado
ORD-10721,2024-07-22 01:38:31,CUST-1281,Mouse Inalambrico Pro,2,,Tarjeta de debito,App movil,5.0,Accesorios,328.82,657.64,Completado
ORD-11528,2024-11-14 10:48:37,CUST-1019,Smartwatch Fit,2,Tijuana,Transferencia,Sitio web,5.0,Wearables,2298.6,4597.2,Completado
ORD-11265,2024-03-18 13:22:31,CUST-1030,Laptop Ultrabook Air,2,Guadalajara,Transferencia,Marketplace,4.0,Computo,13365.49,26730.98,Completado
ORD-10734,2024-09-18 00:31:04,CUST-1217,Cargador USB-C 65W,1,Queretaro,Tarjeta de debito,Sitio web,4.0,Accesorios,467.64,467.64,Completado
ORD-10811,2024-12-26 18:47:01,CUST-1333,Bocina Portatil,1,Puebla,Tarjeta de credito,Sitio web,5.0,Accesorios,824.4,824.4,Completado
ORD-11749,2024-04-19 11:15:33,CUST-1306,Impresora Multifuncional,4,Queretaro,Tarjeta de debito,App movil,5.0,Oficina,2537.08,10148.32,Completado
ORD-10459,2024-08-28 01:10:56,CUST-1240,Laptop Gamer X15,1,Queretaro,Tarjeta de credito,App movil,2.0,Computo,18604.09,18604.09,Completado
ORD-11924,2024-12-27 01:02:29,CUST-1103,Tablet 10 pulgadas,4,Merida,Tarjeta de credito,App movil,4.0,Computo,4326.07,17304.28,Completado
ORD-11484,2024-05-31 21:21:31,CUST-1178,Smartwatch Fit,2,Ciudad de Mexico,Tarjeta de debito,Sitio web,4.0,Wearables,2248.95,4497.9,Completado
ORD-10849,2024-05-28 15:08:08,CUST-1356,Smartwatch Fit,1,Monterrey,Tarjeta de credito,Sitio web,3.0,Wearables,2325.36,2325.36,Devuelto
ORD-10383,2024-12-30 03:45:12,CUST-1325,Laptop Ultrabook Air,4,Guadalajara,Tarjeta de debito,Sitio web,5.0,Computo,15749.0,62996.0,Completado
ORD-10017,2024-11-07 12:30:26,CUST-1061,Mouse Inalambrico Pro,1,Puebla,Tarjeta de credito,Sitio web,5.0,Accesorios,348.21,348.21,Completado
ORD-10955,2024-11-30 20:35:14,CUST-1245,Tablet 10 pulgadas,2,Tijuana,Tarjeta de debito,App movil,5.0,Computo,3872.11,7744.22,Cancelado
ORD-11819,2024-12-05 02:52:36,CUST-1097,Disco SSD 1TB,2,Queretaro,Tarjeta de credito,Sitio web,5.0,Almacenamiento,1400.2,2800.4,Completado
ORD-11066,2024-06-10 06:18:02,CUST-1176,Mouse Inalambrico Pro,5,Queretaro,Tarjeta de debito,Sitio web,3.0,Accesorios,339.65,1698.25,Completado
ORD-11209,2024-08-08 07:59:06,CUST-1294,Teclado Mecanico RGB,1,,Efectivo contra entrega,App movil,5.0,Accesorios,1240.76,1240.76,Cancelado
ORD-10987,2024-10-24 19:36:08,CUST-1142,Smartwatch Fit,1,Queretaro,Tarjeta de debito,App movil,4.0,Wearables,2517.17,2517.17,Completado
ORD-11014,2024-05-29 03:36:58,CUST-1154,Webcam HD 1080p,1,Tijuana,Tarjeta de debito,App movil,3.0,Accesorios,631.2,631.2,Completado
ORD-11948,2024-10-07 08:17:57,CUST-1153,Cargador USB-C 65W,2,Guadalajara,Tarjeta de credito,Marketplace,4.0,Accesorios,414.85,829.7,Cancelado
ORD-11913,2024-06-09 06:18:29,CUST-1308,Webcam HD 1080p,1,Ciudad de Mexico,Tarjeta de debito,App movil,5.0,Accesorios,679.52,679.52,Completado
ORD-10125,2024-01-18 07:08:29,CUST-1197,Disco SSD 1TB,1,Monterrey,Tarjeta de debito,App movil,5.0,Almacenamiento,1443.0,1443.0,Completado
ORD-10511,2024-12-06 04:39:11,CUST-1377,Mouse Inalambrico Pro,2,Monterrey,Tarjeta de credito,App movil,,Accesorios,340.56,681.12,Completado
ORD-10076,2024-01-13 21:47:18,CUST-1057,"Monitor Curvo 27""",5,Puebla,Tarjeta de credito,Marketplace,5.0,Computo,6787.42,33937.1,Completado
ORD-10930,2024-03-28 02:48:23,CUST-1271,Disco SSD 1TB,2,Queretaro,Tarjeta de credito,App movil,2.0,Almacenamiento,1451.31,2902.62,Cancelado
ORD-10141,2024-03-26 07:00:36,CUST-1054,Webcam HD 1080p,2,Queretaro,Tarjeta de debito,App movil,,Accesorios,624.18,1248.36,Devuelto
ORD-11970,2024-07-21 01:25:40,CUST-1234,Laptop Ultrabook Air,5,Ciudad de Mexico,Transferencia,Sitio web,,Computo,15596.39,77981.95,Cancelado
ORD-10585,2024-08-07 22:42:10,CUST-1299,Mouse Inalambrico Pro,1,Ciudad de Mexico,Efectivo contra entrega,Sitio web,4.0,Accesorios,362.29,362.29,Devuelto
ORD-10818,2024-03-25 15:18:55,CUST-1077,Teclado Mecanico RGB,2,Tijuana,Tarjeta de debito,Marketplace,4.0,Accesorios,1194.62,2389.24,Completado
ORD-11952,2024-04-06 23:02:35,CUST-1236,Disco SSD 1TB,1,Monterrey,Tarjeta de credito,App movil,3.0,Almacenamiento,1422.59,1422.59,Completado
ORD-10787,2024-03-21 23:22:12,CUST-1126,Disco SSD 1TB,1,Puebla,Tarjeta de debito,Sitio web,4.0,Almacenamiento,1326.81,1326.81,Completado
ORD-10555,2024-03-30 14:20:52,CUST-1106,Mouse Inalambrico Pro,4,Tijuana,Transferencia,Sitio web,5.0,Accesorios,346.86,1387.44,Completado
ORD-11176,2024-05-04 06:07:28,CUST-1128,Laptop Gamer X15,5,Puebla,Transferencia,App movil,4.0,Computo,17395.32,86976.6,Completado
ORD-11056,2024-03-11 23:04:03,CUST-1362,Smartwatch Fit,3,Puebla,Tarjeta de debito,Sitio web,4.0,Wearables,2374.31,7122.93,Completado
ORD-10015,2024-01-01 09:19:38,CUST-1186,Impresora Multifuncional,1,Monterrey,Tarjeta de debito,App movil,5.0,Oficina,2818.29,2818.29,Completado
ORD-10435,2024-12-10 21:23:16,CUST-1250,Silla Ergonomica,2,Ciudad de Mexico,Tarjeta de credito,App movil,4.0,Oficina,3094.79,6189.58,Completado
ORD-10498,2024-01-01 07:20:16,CUST-1308,Audifonos Bluetooth,1,Queretaro,Transferencia,Sitio web,5.0,Accesorios,911.77,911.77,Cancelado
ORD-10619,2024-01-30 23:18:49,CUST-1139,Teclado Mecanico RGB,5,Monterrey,Efectivo contra entrega,App movil,4.0,Accesorios,1154.4,5772.0,Completado
ORD-11529,2024-02-20 05:31:13,CUST-1247,Smartwatch Fit,4,Queretaro,Tarjeta de debito,App movil,4.0,Wearables,2217.77,8871.08,Completado
ORD-11712,2024-04-21 20:15:00,CUST-1204,Webcam HD 1080p,2,Merida,Tarjeta de credito,App movil,5.0,Accesorios,649.96,1299.92,Completado
ORD-11427,2024-06-25 05:42:50,CUST-1082,Laptop Ultrabook Air,1,Puebla,Tarjeta de debito,Sitio web,4.0,Computo,13031.75,13031.75,Completado
ORD-11683,2024-08-07 11:19:30,CUST-1162,Smartwatch Fit,4,Merida,Efectivo contra entrega,App movil,5.0,Wearables,2407.78,9631.12,Completado
ORD-10450,2024-05-24 08:36:41,CUST-1053,Cargador USB-C 65W,5,Ciudad de Mexico,Tarjeta de credito,Sitio web,4.0,Accesorios,463.54,2317.7,Completado
ORD-10766,2024-02-09 09:43:40,CUST-1052,Audifonos Bluetooth,1,Tijuana,Efectivo contra entrega,Sitio web,3.0,Accesorios,941.39,941.39,Cancelado
ORD-10035,2024-05-17 00:20:04,CUST-1019,Laptop Ultrabook Air,4,Ciudad de Mexico,Tarjeta de debito,App movil,4.0,Computo,15723.49,62893.96,Devuelto
ORD-10947,2024-09-30 10:11:27,CUST-1038,Router WiFi 6,4,Tijuana,Tarjeta de debito,Marketplace,4.0,Redes,1639.21,6556.84,Completado
ORD-11249,2024-03-20 02:35:43,CUST-1224,Audifonos Bluetooth,1,Ciudad de Mexico,Tarjeta de credito,App movil,,Accesorios,876.42,876.42,Devuelto
ORD-11196,2024-12-01 22:20:54,CUST-1216,Router WiFi 6,1,Merida,Tarjeta de debito,Marketplace,5.0,Redes,1733.53,1733.53,Completado
ORD-10981,2024-04-17 15:37:20,CUST-1082,Laptop Gamer X15,1,Tijuana,Efectivo contra entrega,Marketplace,5.0,Computo,17824.25,17824.25,Completado
ORD-10241,2024-08-18 22:39:06,CUST-1292,Laptop Ultrabook Air,5,Puebla,Tarjeta de credito,Sitio web,4.0,Computo,13745.31,68726.55,Devuelto
ORD-10529,2024-06-23 17:54:11,CUST-1287,Smartwatch Fit,2,Queretaro,Tarjeta de debito,Sitio web,3.0,Wearables,2373.49,4746.98,Completado
ORD-10343,2024-10-20 14:09:21,CUST-1102,Mouse Inalambrico Pro,1,Queretaro,PayPal,App movil,2.0,Accesorios,339.98,339.98,Completado
ORD-11180,2024-09-27 19:10:37,CUST-1029,Disco SSD 1TB,5,Monterrey,Efectivo contra entrega,App movil,4.0,Almacenamiento,1388.94,6944.7,Completado
ORD-11442,2024-01-25 20:24:18,CUST-1272,Tablet 10 pulgadas,5,Puebla,Transferencia,Sitio web,5.0,Computo,3858.8,19294.0,Completado
ORD-11772,2024-03-29 14:50:39,CUST-1338,Disco SSD 1TB,1,Puebla,Tarjeta de credito,App movil,5.0,Almacenamiento,1398.99,1398.99,Completado
ORD-11904,2024-08-19 02:22:29,CUST-1105,Silla Ergonomica,4,Queretaro,PayPal,App movil,4.0,Oficina,2973.91,11895.64,Completado
ORD-11910,2024-05-03 17:12:54,CUST-1054, Router WiFi 6  ,4,Ciudad de Mexico,Efectivo contra entrega,Sitio web,4.0,Redes,1534.24,6136.96,Completado
ORD-10886,2024-09-12 04:43:59,CUST-1398,Tablet 10 pulgadas,1,Guadalajara,Efectivo contra entrega,Marketplace,4.0,Computo,4479.46,4479.46,Completado
ORD-10506,2024-03-18 17:11:21,CUST-1052,Laptop Gamer X15,2,Monterrey,Tarjeta de credito,Marketplace,3.0,Computo,17668.3,35336.6,Completado
ORD-11338,2024-04-15 01:12:57,CUST-1098,Mouse Inalambrico Pro,1,Puebla,Transferencia,Sitio web,5.0,Accesorios,311.97,311.97,Completado
ORD-11579,2024-03-29 09:40:40,CUST-1027,Teclado Mecanico RGB,1,Puebla,Tarjeta de credito,App movil,4.0,Accesorios,1082.06,1082.06,Completado
ORD-10215,2024-10-23 06:55:58,CUST-1026,Audifonos Bluetooth,2,Tijuana,Tarjeta de debito,Marketplace,4.0,Accesorios,916.7,1833.4,Completado
ORD-10208,2024-06-25 18:12:45,CUST-1232,Bocina Portatil,2,Ciudad de Mexico,Transferencia,App movil,4.0,Accesorios,843.77,1687.54,Completado
ORD-10945,2024-11-20 02:40:10,CUST-1144,Audifonos Bluetooth,2,Queretaro,Tarjeta de credito,Sitio web,3.0,Accesorios,982.13,1964.26,Completado
ORD-10064,2024-10-13 23:00:38,CUST-1281,Audifonos Bluetooth,2,Ciudad de Mexico,Tarjeta de credito,App movil,,Accesorios,948.31,1896.62,Devuelto
ORD-10010,2024-12-11 08:56:33,CUST-1155,Bocina Portatil,2,Monterrey,Tarjeta de credito,App movil,4.0,Accesorios,839.61,1679.22,Devuelto
ORD-11751,2024-11-26 17:55:22,CUST-1034,Audifonos Bluetooth,3,Queretaro,Tarjeta de debito,App movil,5.0,Accesorios,825.25,2475.75,Devuelto
ORD-11647,2024-11-20 13:16:28,CUST-1184,Smartwatch Fit,2,Tijuana,PayPal,App movil,4.0,Wearables,2268.14,4536.28,Completado
ORD-11661,2024-12-28 18:35:03,CUST-1027,Cargador USB-C 65W,1,Tijuana,PayPal,App movil,4.0,Accesorios,395.45,395.45,Cancelado
ORD-11202,2024-10-16 19:18:23,CUST-1341,Laptop Ultrabook Air,1,Guadalajara,Tarjeta de debito,App movil,5.0,Computo,14643.65,14643.65,Completado
ORD-10252,2024-01-09 00:37:10,CUST-1142,Disco SSD 1TB,1,Guadalajara,Tarjeta de credito,Sitio web,,Almacenamiento,1446.99,1446.99,Completado
ORD-11629,2024-08-01 15:12:57,CUST-1160,Silla Ergonomica,5,Puebla,Efectivo contra entrega,Sitio web,5.0,Oficina,3289.11,16445.55,Completado
ORD-10603,2024-07-29 07:39:50,CUST-1105,Disco SSD 1TB,5,Tijuana,Tarjeta de credito,App movil,5.0,Almacenamiento,1441.6,7208.0,Devuelto
ORD-10805,2024-12-04 21:48:13,CUST-1222,Webcam HD 1080p,2,Tijuana,PayPal,Sitio web,3.0,Accesorios,621.07,1242.14,Completado
ORD-11285,2024-06-23 09:03:26,CUST-1122,Webcam HD 1080p,4,Merida,Tarjeta de debito,App movil,4.0,Accesorios,655.44,2621.76,Completado
ORD-11124,2024-03-14 02:33:39,CUST-1243,Laptop Gamer X15,4,Ciudad de Mexico,Tarjeta de credito,Marketplace,5.0,Computo,15884.04,63536.16,Completado
ORD-11191,2024-05-28 04:23:19,CUST-1118,Laptop Gamer X15,1,Monterrey,PayPal,App movil,5.0,Computo,18273.63,18273.63,Completado
ORD-11601,2024-10-04 16:37:33,CUST-1212,Smartwatch Fit,2,Guadalajara,Tarjeta de credito,Marketplace,5.0,Wearables,2381.46,4762.92,Completado
ORD-10314,2024-09-10 07:36:42,CUST-1108,Laptop Ultrabook Air,1,Puebla,Tarjeta de debito,Marketplace,5.0,Computo,15166.82,15166.82,Completado
ORD-11777,2024-02-16 00:32:59,CUST-1116,Cargador USB-C 65W,5,Guadalajara,Tarjeta de credito,Sitio web,5.0,Accesorios,435.66,2178.3,Completado
ORD-10518,2024-09-14 11:25:29,CUST-1053,Laptop Gamer X15,1,Monterrey,Tarjeta de debito,Marketplace,5.0,Computo,17590.43,17590.43,Completado
ORD-10465,2024-10-31 08:11:28,CUST-1183,Bocina Portatil,3,Guadalajara,Transferencia,App movil,1.0,Accesorios,799.17,2397.51,Completado
ORD-10931,2024-09-12 18:44:23,CUST-1114,"Monitor Curvo 27""",1,Ciudad de Mexico,Tarjeta de credito,Marketplace,,Computo,7042.36,7042.36,Completado
ORD-10963,2024-12-05 07:35:03,CUST-1163,Laptop Gamer X15,2,Monterrey,Tarjeta de debito,App movil,5.0,Computo,16316.65,32633.3,Completado
ORD-11685,2024-11-27 06:55:15,CUST-1298,"Monitor Curvo 27""",4,Tijuana,Tarjeta de credito,Sitio web,4.0,Computo,5898.16,23592.64,Devuelto
ORD-10842,2024-06-11 05:45:17,CUST-1188,Bocina Portatil,1,Guadalajara,PayPal,Marketplace,5.0,Accesorios,868.5,868.5,Completado
ORD-11668,2024-12-10 08:50:50,CUST-1263,Mouse Inalambrico Pro,1,Guadalajara,Transferencia,App movil,4.0,Accesorios,347.34,347.34,Completado
ORD-11470,2024-01-16 06:34:20,CUST-1204,Impresora Multifuncional,5,Puebla,Transferencia,Marketplace,3.0,Oficina,2672.59,13362.95,Cancelado
ORD-11951,2024-05-23 22:54:17,CUST-1303,Mouse Inalambrico Pro,5,Guadalajara,Tarjeta de credito,App movil,4.0,Accesorios,329.61,1648.05,Completado
ORD-10367,2024-02-11 13:53:49,CUST-1237,Webcam HD 1080p,5,Guadalajara,Tarjeta de credito,App movil,5.0,Accesorios,686.01,3430.05,Cancelado
ORD-10145,2024-11-03 17:19:00,CUST-1209,Teclado Mecanico RGB,2,Monterrey,PayPal,Sitio web,5.0,Accesorios,1127.34,2254.68,Completado
ORD-10362,2024-06-30 19:20:45,CUST-1359,Silla Ergonomica,5,Puebla,Tarjeta de debito,App movil,3.0,Oficina,2933.93,14669.65,Completado
ORD-11684,2024-12-01 01:17:15,CUST-1253,Disco SSD 1TB,5,Monterrey,Efectivo contra entrega,App movil,4.0,Almacenamiento,1508.0,7540.0,Completado
ORD-10630,2024-04-29 03:37:37,CUST-1062,Router WiFi 6,4,Merida,Tarjeta de credito,Marketplace,5.0,Redes,1587.93,6351.72,Completado
ORD-10090,2024-09-17 13:59:10,CUST-1052,"Monitor Curvo 27""",2,Monterrey,Tarjeta de debito,Sitio web,4.0,Computo,5849.98,11699.96,Completado
ORD-11788,2024-08-13 10:15:07,CUST-1009,Router WiFi 6,3,Ciudad de Mexico,Efectivo contra entrega,Marketplace,5.0,Redes,1632.8,4898.4,Completado
ORD-10321,2024-10-28 02:38:04,CUST-1200,Impresora Multifuncional,4,Tijuana,Tarjeta de debito,App movil,5.0,Oficina,2624.38,10497.52,Completado
ORD-10185,2024-12-04 10:00:48,CUST-1283,Silla Ergonomica,1,Ciudad de Mexico,Tarjeta de credito,Sitio web,4.0,Oficina,3055.38,3055.38,Completado
ORD-11677,2024-10-02 06:31:20,CUST-1247,Cargador USB-C 65W,3,Ciudad de Mexico,Transferencia,Sitio web,4.0,Accesorios,414.65,1243.95,Completado
ORD-10924,2024-01-30 22:32:10,CUST-1177,Smartwatch Fit,4,Monterrey,Tarjeta de credito,Marketplace,3.0,Wearables,2393.18,9572.72,Completado
ORD-11156,2024-03-26 00:21:32,CUST-1340,"Monitor Curvo 27""",1,Queretaro,Tarjeta de credito,App movil,5.0,Computo,6087.57,6087.57,Completado
ORD-10868,2024-05-09 19:13:06,CUST-1148,Smartwatch Fit,3,Puebla,Tarjeta de credito,App movil,4.0,Wearables,2291.13,6873.39,Completado
ORD-11654,2024-12-03 08:14:57,CUST-1226,Mouse Inalambrico Pro,5,Monterrey,Tarjeta de credito,App movil,3.0,Accesorios,351.55,1757.75,Completado
ORD-10756,2024-09-29 16:20:22,CUST-1396,Tablet 10 pulgadas,2,Puebla,Tarjeta de credito,App movil,5.0,Computo,4432.33,8864.66,Cancelado
ORD-11823,2024-12-09 20:41:50,CUST-1387,Mouse Inalambrico Pro,3,Puebla,Tarjeta de credito,Marketplace,3.0,Accesorios,303.36,910.08,Cancelado
ORD-10119,2024-01-13 23:09:07,CUST-1231,Impresora Multifuncional,1,Merida,Tarjeta de credito,Sitio web,5.0,Oficina,2551.29,2551.29,Completado
ORD-11570,2024-09-24 14:58:04,CUST-1230,Webcam HD 1080p,1,Tijuana,Tarjeta de credito,Marketplace,5.0,Accesorios,648.33,648.33,Completado
ORD-11062,2024-08-17 04:32:17,CUST-1208,Smartwatch Fit,1,Tijuana,Transferencia,Marketplace,4.0,Wearables,2373.1,2373.1,Completado
ORD-10840,2024-09-15 07:46:38,CUST-1119,Disco SSD 1TB,3,Guadalajara,Tarjeta de debito,Sitio web,5.0,Almacenamiento,1379.56,4138.68,Completado
ORD-10493,2024-11-29 09:45:58,CUST-1135,Impresora Multifuncional,1,Merida,Transferencia,App movil,4.0,Oficina,2663.74,2663.74,Completado
ORD-10443,2024-12-27 05:05:20,CUST-1318,Laptop Ultrabook Air,5,Merida,Tarjeta de debito,App movil,4.0,Computo,13760.76,68803.8,Completado
ORD-10338,2024-08-06 21:30:17,CUST-1045,Smartwatch Fit,4,Tijuana,Tarjeta de debito,App movil,1.0,Wearables,2419.48,9677.92,Completado
ORD-11842,2024-08-12 01:59:03,CUST-1207,Router WiFi 6,4,Monterrey,Transferencia,Sitio web,2.0,Redes,1697.71,6790.84,Completado
ORD-11108,2024-06-12 20:33:52,CUST-1120,Smartwatch Fit,1,Monterrey,PayPal,Marketplace,4.0,Wearables,2661.51,2661.51,Devuelto
ORD-10224,2024-04-02 14:58:39,CUST-1264,Webcam HD 1080p,3,Tijuana,Efectivo contra entrega,Marketplace,5.0,Accesorios,676.23,2028.69,Completado
ORD-10019,2024-01-07 08:36:46,CUST-1129,Smartwatch Fit,1,Queretaro,Efectivo contra entrega,App movil,2.0,Wearables,2264.2,2264.2,Completado
ORD-11096,2024-04-16 13:32:27,CUST-1146,Laptop Gamer X15,3,Tijuana,Tarjeta de credito,App movil,4.0,Computo,19121.56,57364.68,Completado
ORD-10418,2024-08-22 06:24:32,CUST-1267,Disco SSD 1TB,5,Monterrey,Tarjeta de credito,Sitio web,4.0,Almacenamiento,1324.37,6621.85,Completado
ORD-11099,2024-07-20 22:00:04,CUST-1230,Teclado Mecanico RGB,4,Puebla,Tarjeta de credito,Marketplace,4.0,Accesorios,1129.84,4519.36,Completado
ORD-11404,2024-08-30 04:31:57,CUST-1203,Laptop Gamer X15,2,Merida,Transferencia,App movil,4.0,Computo,19005.16,38010.32,Cancelado
ORD-11897,2024-12-24 19:20:47,CUST-1186,Disco SSD 1TB,4,Puebla,Tarjeta de credito,App movil,3.0,Almacenamiento,1241.59,4966.36,Completado
ORD-10991,2024-08-11 19:36:50,CUST-1020,Teclado Mecanico RGB,1,Ciudad de Mexico,Tarjeta de debito,App movil,5.0,Accesorios,1140.99,1140.99,Completado
ORD-10385,2024-11-09 21:03:06,CUST-1363,Silla Ergonomica,1,Guadalajara,Tarjeta de debito,App movil,4.0,Oficina,2907.56,2907.56,Devuelto
ORD-10929,2024-09-06 14:26:25,CUST-1392,Smartwatch Fit,2,Ciudad de Mexico,PayPal,App movil,,Wearables,2305.94,4611.88,Completado
ORD-10452,2024-04-28 03:58:55,CUST-1000,Impresora Multifuncional,3,Monterrey,Tarjeta de debito,Sitio web,4.0,Oficina,2706.65,8119.95,Completado
ORD-10264,2024-10-03 18:09:52,CUST-1226,"Monitor Curvo 27""",1,Ciudad de Mexico,Tarjeta de debito,App movil,,Computo,6738.38,6738.38,Cancelado
ORD-11064,2024-06-25 08:07:50,CUST-1301,Laptop Ultrabook Air,1,Puebla,Efectivo contra entrega,Sitio web,4.0,Computo,15776.25,15776.25,Devuelto
ORD-11452,2024-09-02 04:19:27,CUST-1189,Tablet 10 pulgadas,2,Tijuana,Tarjeta de credito,App movil,4.0,Computo,4610.89,9221.78,Completado
ORD-10160,2024-03-18 12:59:51,CUST-1213,"Monitor Curvo 27""",5,Tijuana,PayPal,App movil,4.0,Computo,6240.66,31203.3,Completado
ORD-10110,2024-06-29 18:21:50,CUST-1151,"Monitor Curvo 27""",5,Guadalajara,Efectivo contra entrega,App movil,4.0,Computo,5836.58,29182.9,Completado
ORD-10303,2024-07-17 00:46:10,CUST-1001,Laptop Gamer X15,2,Queretaro,Tarjeta de credito,Marketplace,4.0,Computo,19129.6,38259.2,Completado
ORD-11976,2024-03-14 04:23:19,CUST-1131,Impresora Multifuncional,5,Puebla,Transferencia,App movil,5.0,Oficina,2422.66,12113.3,Completado
ORD-10048,2024-08-21 23:54:50,CUST-1353,Silla Ergonomica,4,Merida,Tarjeta de debito,Sitio web,4.0,Oficina,2910.79,11643.16,Completado
ORD-10509,2024-04-13 17:04:03,CUST-1188,"Monitor Curvo 27""",1,Tijuana,Tarjeta de credito,Marketplace,5.0,Computo,6897.55,6897.55,Completado
ORD-10018,2024-09-07 09:00:18,CUST-1283,Smartwatch Fit,2,Tijuana,Tarjeta de credito,Sitio web,1.0,Wearables,2287.53,4575.06,Completado
ORD-11067,2024-08-09 18:38:04,CUST-1282,Bocina Portatil,1,Guadalajara,Efectivo contra entrega,Sitio web,5.0,Accesorios,855.78,855.78,Completado
ORD-11297,2024-06-30 13:07:04,CUST-1109,Webcam HD 1080p,1,Guadalajara,Transferencia,Marketplace,4.0,Accesorios,723.41,723.41,Cancelado
ORD-11467,2024-09-26 02:18:22,CUST-1274,Impresora Multifuncional,2,Queretaro,Tarjeta de credito,Sitio web,5.0,Oficina,2419.68,4839.36,Completado
ORD-10934,2024-08-11 05:17:24,CUST-1232,Impresora Multifuncional,2,Puebla,Tarjeta de debito,Marketplace,2.0,Oficina,2759.77,5519.54,Completado
ORD-11114,2024-07-21 14:02:45,CUST-1077,Laptop Ultrabook Air,5,Queretaro,Tarjeta de credito,App movil,1.0,Computo,15532.66,77663.3,Completado
ORD-10885,2024-01-22 16:04:58,CUST-1252,Impresora Multifuncional,2,Monterrey,Transferencia,App movil,5.0,Oficina,2410.83,4821.66,Completado
ORD-10275,2024-11-22 09:28:15,CUST-1110,Tablet 10 pulgadas,4,Ciudad de Mexico,Tarjeta de credito,App movil,2.0,Computo,3944.63,15778.52,Completado
ORD-11870,2024-09-06 07:46:11,CUST-1004,Cargador USB-C 65W,1,Guadalajara,Tarjeta de debito,App movil,5.0,Accesorios,424.07,424.07,Completado
ORD-11696,2024-11-28 16:37:09,CUST-1236,Webcam HD 1080p,3,Merida,Transferencia,Sitio web,5.0,Accesorios,600.49,1801.47,Completado
ORD-10114,2024-11-16 07:03:02,CUST-1353,Bocina Portatil,2,Puebla,Tarjeta de credito,Sitio web,5.0,Accesorios,894.08,1788.16,Completado
ORD-11352,2024-12-03 00:04:51,CUST-1365,Router WiFi 6,3,Queretaro,Efectivo contra entrega,Sitio web,3.0,Redes,1660.89,4982.67,Devuelto
ORD-11604,2024-03-10 11:44:37,CUST-1000,Webcam HD 1080p,4,Puebla,Tarjeta de debito,Marketplace,5.0,Accesorios,659.97,2639.88,Completado
ORD-11489,2024-08-07 23:06:37,CUST-1289, Cargador USB-C 65W  ,1,Merida,Efectivo contra entrega,App movil,5.0,Accesorios,436.02,436.02,Devuelto
ORD-10727,2024-04-21 19:50:00,CUST-1118,Cargador USB-C 65W,1,Queretaro,Tarjeta de credito,App movil,5.0,Accesorios,460.73,460.73,Completado
ORD-11928,2024-05-08 05:04:42,CUST-1180,Teclado Mecanico RGB,3,Merida,Tarjeta de credito,Sitio web,5.0,Accesorios,1177.7,3533.1,Cancelado
ORD-11155,2024-03-06 03:48:33,CUST-1358,Tablet 10 pulgadas,3,Puebla,Efectivo contra entrega,Marketplace,2.0,Computo,4450.78,13352.34,Devuelto
ORD-10001,2024-07-15 23:19:13,CUST-1308,Tablet 10 pulgadas,3,Merida,Tarjeta de credito,App movil,4.0,Computo,4528.62,13585.86,Cancelado
ORD-11723,2024-10-16 05:48:56,CUST-1309,Impresora Multifuncional,5,Queretaro,Tarjeta de debito,App movil,5.0,Oficina,2608.27,13041.35,Completado
ORD-10227,2024-06-25 19:21:49,CUST-1147,Audifonos Bluetooth,1,tijuana,Tarjeta de credito,App movil,4.0,Accesorios,957.48,957.48,Devuelto
ORD-11714,2024-07-30 23:19:42,CUST-1281,Disco SSD 1TB,2,Monterrey,Efectivo contra entrega,Sitio web,,Almacenamiento,1465.28,2930.56,Completado
ORD-11863,2024-09-06 02:51:43,CUST-1092,Webcam HD 1080p,5,Queretaro,Tarjeta de credito,App movil,5.0,Accesorios,652.46,3262.3,Completado
ORD-11717,2024-08-10 07:42:10,CUST-1022,"Monitor Curvo 27""",1,Puebla,PayPal,Marketplace,4.0,Computo,6833.78,6833.78,Completado
ORD-10133,2024-03-28 21:32:40,CUST-1347,Teclado Mecanico RGB,3,Queretaro,Efectivo contra entrega,Sitio web,5.0,Accesorios,1093.25,3279.75,Devuelto
ORD-11759,2024-10-12 17:43:15,CUST-1229,Disco SSD 1TB,1,Monterrey,PayPal,App movil,2.0,Almacenamiento,1481.47,1481.47,Completado
ORD-10248,2024-12-30 23:07:48,CUST-1111,Laptop Ultrabook Air,2,Guadalajara,Tarjeta de credito,Sitio web,5.0,Computo,15922.14,31844.28,Completado
ORD-11307,2024-01-23 19:40:51,CUST-1248,Bocina Portatil,5,Guadalajara,Efectivo contra entrega,Sitio web,4.0,Accesorios,900.52,4502.6,Cancelado
ORD-10496,2024-12-25 15:21:19,CUST-1317,Smartwatch Fit,1,Monterrey,Tarjeta de debito,App movil,,Wearables,2638.53,2638.53,Completado
ORD-11704,2024-11-19 17:39:28,CUST-1070,Cargador USB-C 65W,1,Queretaro,PayPal,Marketplace,3.0,Accesorios,401.53,401.53,Completado
ORD-10960,2024-07-18 05:03:09,CUST-1288,Cargador USB-C 65W,2,Tijuana,Tarjeta de credito,App movil,5.0,Accesorios,419.35,838.7,Devuelto
ORD-10335,2024-07-14 04:52:26,CUST-1142,Bocina Portatil,4,Merida,Tarjeta de debito,Marketplace,5.0,Accesorios,806.49,3225.96,Completado
ORD-10439,2024-01-12 22:36:54,CUST-1009,Bocina Portatil,2,Guadalajara,Tarjeta de credito,App movil,4.0,Accesorios,813.54,1627.08,Completado
ORD-11287,2024-05-02 21:04:42,CUST-1292,Webcam HD 1080p,2,Ciudad de Mexico,PayPal,App movil,5.0,Accesorios,684.14,1368.28,Cancelado
ORD-11166,2024-08-25 10:34:56,CUST-1159,Disco SSD 1TB,1,Ciudad de Mexico,Transferencia,Sitio web,5.0,Almacenamiento,1271.56,1271.56,Devuelto
ORD-11269,2024-09-22 14:44:07,CUST-1232,Audifonos Bluetooth,2,Puebla,Tarjeta de credito,Sitio web,5.0,Accesorios,923.6,1847.2,Cancelado
ORD-10812,2024-01-03 06:10:31,CUST-1040,Impresora Multifuncional,2,Puebla,Tarjeta de debito,App movil,5.0,Oficina,2672.86,5345.72,Completado
ORD-11051,2024-06-17 12:27:24,CUST-1230,Disco SSD 1TB,1,Monterrey,Tarjeta de credito,Sitio web,5.0,Almacenamiento,1260.87,1260.87,Devuelto
ORD-10441,2024-04-03 00:43:38,CUST-1315,Laptop Ultrabook Air,4,,Tarjeta de debito,Sitio web,5.0,Computo,15738.66,62954.64,Devuelto
ORD-11162,2024-05-14 19:37:50,CUST-1348,"Monitor Curvo 27""",1,Puebla,Transferencia,Marketplace,,Computo,6866.02,6866.02,Completado
ORD-11387,2024-05-31 20:30:53,CUST-1111,Mouse Inalambrico Pro,1,Merida,Tarjeta de credito,Marketplace,3.0,Accesorios,364.56,364.56,Completado
ORD-11113,2024-02-22 00:40:45,CUST-1252,Webcam HD 1080p,5,Monterrey,PayPal,App movil,4.0,Accesorios,716.54,3582.7,Devuelto
ORD-10838,2024-11-11 11:39:41,CUST-1331,Router WiFi 6,1,Queretaro,Tarjeta de credito,App movil,4.0,Redes,1684.91,1684.91,Completado
ORD-11947,2024-10-09 10:35:28,CUST-1245,Mouse Inalambrico Pro,5,Ciudad de Mexico,Tarjeta de credito,Marketplace,1.0,Accesorios,352.34,1761.7,Completado
ORD-11047,2024-09-29 18:34:36,CUST-1312,Webcam HD 1080p,5,Merida,Transferencia,App movil,2.0,Accesorios,678.88,3394.4,Completado
ORD-11632,2024-05-25 09:15:32,CUST-1109,Audifonos Bluetooth,1,Guadalajara,Efectivo contra entrega,Marketplace,3.0,Accesorios,918.48,918.48,Completado
ORD-11103,2024-06-09 06:58:39,CUST-1344,Laptop Ultrabook Air,1,Guadalajara,PayPal,Sitio web,5.0,Computo,14399.28,14399.28,Devuelto
ORD-11149,2024-01-30 22:49:43,CUST-1383,Teclado Mecanico RGB,3,Guadalajara,Tarjeta de credito,App movil,4.0,Accesorios,1056.32,3168.96,Completado
ORD-11728,2024-12-26 21:00:41,CUST-1102,Smartwatch Fit,3,Guadalajara,Tarjeta de debito,Sitio web,5.0,Wearables,2723.14,8169.42,Completado
ORD-10242,2024-04-05 06:33:37,CUST-1078,Smartwatch Fit,1,Monterrey,PayPal,Sitio web,,Wearables,2509.63,2509.63,Cancelado
ORD-11394,2024-04-19 17:17:11,CUST-1315,Router WiFi 6,5,Monterrey,Tarjeta de debito,App movil,5.0,Redes,1852.22,9261.1,Completado
ORD-10683,2024-04-11 18:18:21,CUST-1134,Silla Ergonomica,3,Ciudad de Mexico,Tarjeta de credito,App movil,5.0,Oficina,2869.56,8608.68,Completado
ORD-11350,2024-10-10 23:17:33,CUST-1389,Audifonos Bluetooth,1,Merida,Efectivo contra entrega,App movil,4.0,Accesorios,921.04,921.04,Completado
ORD-11603,2024-02-25 22:52:55,CUST-1248,"Monitor Curvo 27""",5,Merida,Efectivo contra entrega,Sitio web,3.0,Computo,6328.57,31642.85,Cancelado
ORD-10657,2024-07-11 17:19:19,CUST-1318,Laptop Ultrabook Air,1,Monterrey,Tarjeta de credito,App movil,5.0,Computo,13792.11,13792.11,Completado
ORD-10504,2024-11-18 21:06:31,CUST-1241,Mouse Inalambrico Pro,1,Monterrey,Tarjeta de debito,App movil,5.0,Accesorios,305.05,305.05,Completado
ORD-10408,2024-03-13 10:18:06,CUST-1223,Teclado Mecanico RGB,1,Tijuana,Tarjeta de credito,App movil,4.0,Accesorios,1048.25,1048.25,Completado
ORD-11625,2024-04-08 07:36:12,CUST-1057,Teclado Mecanico RGB,3,Puebla,Tarjeta de credito,Sitio web,4.0,Accesorios,1027.87,3083.61,Cancelado
ORD-11105,2024-01-12 06:06:02,CUST-1354,Audifonos Bluetooth,2,Puebla,Efectivo contra entrega,Sitio web,4.0,Accesorios,874.07,1748.14,Completado
ORD-11492,2024-02-29 10:35:05,CUST-1245,Cargador USB-C 65W,1,Guadalajara,Tarjeta de credito,Sitio web,5.0,Accesorios,399.06,399.06,Cancelado
ORD-11255,2024-06-29 19:18:07,CUST-1216,Teclado Mecanico RGB,2,Merida,PayPal,Sitio web,4.0,Accesorios,1231.04,2462.08,Completado
ORD-11525,2024-05-13 05:17:55,CUST-1198,Bocina Portatil,4,Ciudad de Mexico,PayPal,Sitio web,5.0,Accesorios,823.53,3294.12,Completado
ORD-11061,2024-06-20 23:09:47,CUST-1039,Bocina Portatil,1,Ciudad de Mexico,Tarjeta de credito,Marketplace,2.0,Accesorios,903.48,903.48,Completado
ORD-11866,2024-11-03 15:51:37,CUST-1062,Bocina Portatil,1,Puebla,PayPal,App movil,3.0,Accesorios,843.28,843.28,Completado
ORD-11921,2024-12-03 02:55:16,CUST-1007,Disco SSD 1TB,2,Tijuana,PayPal,App movil,3.0,Almacenamiento,1480.8,2961.6,Completado
ORD-10140,2024-08-13 09:28:27,CUST-1159,Cargador USB-C 65W,3,Monterrey,Tarjeta de debito,Marketplace,5.0,Accesorios,385.65,1156.95,Completado
ORD-10546,2024-09-05 20:51:04,CUST-1122,Smartwatch Fit,1,Guadalajara,Tarjeta de debito,Sitio web,4.0,Wearables,2714.75,2714.75,Devuelto
ORD-10900,2024-04-27 16:40:04,CUST-1180,"Monitor Curvo 27""",1,Merida,Efectivo contra entrega,Marketplace,5.0,Computo,6613.33,6613.33,Completado
ORD-10637,2024-10-22 01:54:26,CUST-1021,Laptop Ultrabook Air,3,Ciudad de Mexico,Transferencia,Marketplace,5.0,Computo,14853.15,44559.45,Devuelto
ORD-11260,2024-07-06 18:13:11,CUST-1264,Silla Ergonomica,4,Guadalajara,Transferencia,Sitio web,2.0,Oficina,3350.96,13403.84,Completado
ORD-11837,2024-09-21 23:08:12,CUST-1150,Audifonos Bluetooth,1,Puebla,Tarjeta de debito,Sitio web,,Accesorios,914.29,914.29,Completado
ORD-11440,2024-09-28 13:53:43,CUST-1109,Cargador USB-C 65W,5,Monterrey,PayPal,Sitio web,,Accesorios,457.93,2289.65,Completado
ORD-11789,2024-05-10 03:18:53,CUST-1167,Teclado Mecanico RGB,1,Merida,Tarjeta de credito,Sitio web,2.0,Accesorios,1144.57,1144.57,Completado
ORD-10688,2024-10-18 17:29:52,CUST-1095,Tablet 10 pulgadas,2,Monterrey,Tarjeta de credito,Marketplace,3.0,Computo,4028.85,8057.7,Completado
ORD-11628,2024-01-04 01:29:03,CUST-1366,Webcam HD 1080p,4,Merida,PayPal,Sitio web,3.0,Accesorios,681.65,2726.6,Devuelto
ORD-10621,2024-12-22 02:00:11,CUST-1312,Audifonos Bluetooth,1,Monterrey,Transferencia,Sitio web,5.0,Accesorios,974.3,974.3,Completado
ORD-11816,2024-08-23 16:30:54,CUST-1019,Tablet 10 pulgadas,2,Ciudad de Mexico,Tarjeta de credito,App movil,3.0,Computo,4555.91,9111.82,Completado
ORD-10850,2024-05-25 00:02:22,CUST-1061,Impresora Multifuncional,3,merida,PayPal,Sitio web,5.0,Oficina,2539.6,7618.8,Completado
ORD-10583,2024-10-31 22:37:20,CUST-1198,Router WiFi 6,3,Guadalajara,Transferencia,Sitio web,4.0,Redes,1870.86,5612.58,Cancelado
ORD-11697,2024-10-31 10:46:51,CUST-1106,Router WiFi 6,3,Queretaro,Efectivo contra entrega,Sitio web,5.0,Redes,1616.54,4849.62,Completado
ORD-10332,2024-09-25 02:43:12,CUST-1311,Router WiFi 6,1,Queretaro,Tarjeta de debito,Marketplace,5.0,Redes,1657.08,1657.08,Completado
ORD-11293,2024-07-20 01:17:55,CUST-1209,Laptop Gamer X15,3,Monterrey,PayPal,App movil,4.0,Computo,15788.76,47366.28,Completado
ORD-11975,2024-12-29 04:39:44,CUST-1350,Teclado Mecanico RGB,1,Ciudad de Mexico,PayPal,App movil,5.0,Accesorios,1210.07,1210.07,Completado
ORD-11361,2024-11-18 05:14:03,CUST-1270,"Monitor Curvo 27""",5,Guadalajara,Transferencia,App movil,3.0,Computo,6666.67,33333.35,Completado
ORD-11115,2024-04-01 11:34:44,CUST-1248,Webcam HD 1080p,1,guadalajara,Tarjeta de debito,Sitio web,5.0,Accesorios,602.85,602.85,Completado
ORD-11104,2024-05-20 06:58:49,CUST-1358,Impresora Multifuncional,1,Monterrey,PayPal,App movil,5.0,Oficina,2665.54,2665.54,Completado
ORD-11727,2024-09-07 01:37:57,CUST-1241,Disco SSD 1TB,3,Queretaro,Tarjeta de credito,Sitio web,5.0,Almacenamiento,1437.19,4311.57,Completado
ORD-11945,2024-05-29 05:43:33,CUST-1320,Disco SSD 1TB,2,Monterrey,Transferencia,Sitio web,3.0,Almacenamiento,1485.25,2970.5,Completado
